artist,title,release_type,year,genre,genre_parent,listen_count,rating,comments,collection_status,nat_key
Godspeed You Black Emperor!,F♯A♯∞,Album,1997,Post-Rock,Rock,1,7.5,"Good parts, but it's honestly kinda boring. Probably just need another 210 listens and I'll get it",,e215703112e9ff65
Aesop Rock,Labour Days,Album,2001,Abstract Hip Hop,Hip Hop,2,7.0,"Great rhymes, and chill beats, but doesn't quite impact me like I was hoping. Need to listen more times",,4d2092c4fd869541
Aesop Rock,The Impossible Kid,Album,2016,Abstract Hip Hop,Hip Hop,1,7.0,Definately wanna listen again. Caught me somehow,,733b32f0ea67e710
Armand Hammer,Paraffin,Album,2018,Abstract Hip Hop,Hip Hop,1,6.0,"Pretty run of the mill, although interestingly produced, jazzy, dark abstract hip hop",,2da22bfc7521b8b0
Billy Wood & Kenny Segal,Hiding Places,Album,2019,Abstract Hip Hop,Hip Hop,1,7.5,,,a72a0833a0acddf6
Jean Grae & Quelle Chris,Everything's Fine,Album,2018,Abstract Hip Hop,Hip Hop,1,7.0,,,7a9397af65d6efdf
Madvillain,Madvillainy,Album,2004,Abstract Hip Hop,Hip Hop,3,8.0,"Really intresting, cool beats, intricate rhymes. Definately need a few more listens",Wishlist,bb27f9f46161b083
Open Mike Eagle,Brick Body Kids Still Daydream,Album,2017,Abstract Hip Hop,Hip Hop,2,5.0,Pretty chill but no bangers,,3368d1829761aefc
Quelle Chris,Guns,Album,2019,Abstract Hip Hop,Hip Hop,2,7.5,,,fa0fb5293aac3c6a
Uncommon NASA,Written at Night,Album,2017,Abstract Hip Hop,Hip Hop,1,7.0,"Pretty good, didn't like all of the production though. The actual rapping was tight",,ee221cf3091674c2
Yugen Blakrok,Return of the Astro-Goth,Album,2013,Abstract Hip Hop,Hip Hop,1,6.0,"Ok female MC. Love the space themes. Seems to be a strong Lauren Hill influence, with the rasta shit",,ce5baff90e31a620
Moor Mother & billy woods,Brass,Album,2020,Abstract Hip Hop,Hip Hop,2,6.5,"Little bit overwhelming, very dark and honestly a hard listen",,2d66d1bf1a30cd0f
Sons of Kemet,Your Queen Is a Reptile,Album,2018,Afro-Jazz,Jazz,1,6.0,"Pretty nice, instumentation is a bit limited, and the chanting is hit or miss for me",,350dafeeddce0998
Fela Kuti,Expensive Shit,Album,1975,Afrobeat,World,2,9.0,"I wish this was longer, really great funky African Jazz",,277957ded32c81f5
Fela Kuti,Zombie,Album,1977,Afrobeat,World,3,8.5,,,eebc555ef904421e
System of a Down,Toxicity,Album,2001,Alternative Metal,Metal,5,8.0,"Really good, heaps of great tracks like shimmy, toxicity",,2e16c7694e58e720
Tool,10000 Days,Album,2006,Alternative Metal,Metal,1,7.0,,,cef8c2ad0cc0f13a
Winston Surfshirt,Sponge Cake,Album,2017,Alternative R&B,Soul / R&B,1,4.0,"Quite repetitive, some of it is good tho, ungrew on me",,cb2ce252cdc976e8
Radiohead,Pablo Honey,Album,1993,Alternative Rock,Rock,1,6.5,"Not terrible, just doesn't really stand out at all. Kinda generic and derivative.",,01588c2836cf1e0a
Smashing Pumpkins,Mellon Collie and the Infinite Sadness,Album,1995,Alternative Rock,Rock,1,7.5,"Bit too long, lots of good stuff though",,da831881b018966d
Orville Peck,Pony,Album,2021,Alt-Country,Country,1,6.5,Liked it more than I thought I would. Need more experience with Country music to have a real opinion,,50d1b6225facadae
The Magnolia Electric Co.,The Magnolia Electric Co.,Album,2003,Alt-Country,Country,1,7.0,,,cc1f1368863efc7c
Wilco,Being There,Album,1996,Alt-Country,Country,3,7.0,"Suffers from being too long, with too many forgetable songs. You can see the greatness that is to come, but they aren't there yet",,c4faf436a694a591
New Order,Technique,Album,1989,Alternative Dance,Electronic,3,8.0,,,cbd343a6d7a11fd4
Deftones,Around the Fur,Album,1997,Alternative Metal,Metal,1,9.0,"Heavy and raw, love it. Be Quiet and Operate This Motor Vehicle is amazing",,336b67f56e977f38
Deftones,White Pony,Album,2000,Alternative Metal,Metal,1,9.5,"Great all-around, definately one of their best",,71562c88a70661da
Deftones,Saturday Night Wrist,Album,2006,Alternative Metal,Metal,1,9.5,"This one is vibes, quite shoegazy. Would be better without pink celloshit",,40ead92d248db0d5
Deftones,Diamond Eyes,Album,2009,Alternative Metal,Metal,1,8.5,"Not my fave, didn't grab me as much as the others",,c7af88803180f044
Deftones,Koi no yakan,Album,2012,Alternative Metal,Metal,1,8.0,"Super heavy, riffs are amazing",,e2e3fdae18e3c747
Deftones,Ohms,Album,2020,Alternative Metal,Metal,1,8.0,"Not as good as their best, but honestly not bad. Title track rules",,78c52b19843dbc89
System of a Down,System of a Down,Album,1998,Alternative Metal,Metal,1,8.0,,,9cca1e4efa59500b
Tool,Ænima,Album,1996,Alternative Metal,Metal,1,8.0,,,671c1c836f6a2b0d
Tool,Lateralus,Album,2001,Alternative Metal,Metal,3,8.0,,,312e4e1b3df70d67
Frank Ocean,Channel Orange,Album,2012,Alternative R&B,Soul / R&B,4,8.5,,,12ba242a3ac47007
Frank Ocean,Blonde,Album,2016,Alternative R&B,Soul / R&B,11,9.0,Really cool and interesting for sure. Great vocals. So chill,,88ccdbd0746df79d
Frank Ocean,Endless,Album,2016,Alternative R&B,Soul / R&B,3,8.0,"Ok Nah this good. Really chill, nice ride",,e2087183cd4f4536
serpentwithfeet,soil,Album,2018,Alternative R&B,Soul / R&B,1,5.0,,,dab6a90f007fed5a
Incubus,Light Grenades,Album,2006,Alternative Rock,Rock,1,4.0,,,7964834a0ccda381
Pixies,Surfer Rosa,Album,1988,Alternative Rock,Rock,5,9.0,"Pretty dank, I think it is slightly weaker than Doolittle though.",Wishlist,0d7298a6babfcdff
Pixies,Doolittle,Album,1989,Alternative Rock,Rock,8,10.0,"So much variety. So catchy, so many great songs",Owned,7ca25b6ddb93a7b1
Pixies,Bossanova,Album,1990,Alternative Rock,Rock,2,7.0,,,13faa632dd72fe92
Queens of the Stone Age,Lullabies to Paralyze,Album,2005,Alternative Rock,Rock,1,7.0,,,a05dc061611e0ea5
Queens of the Stone Age,Era Vulgaris,Album,2007,Alternative Rock,Rock,1,7.0,,,b3cc838e7e5c5cac
Queens of the Stone Age,Like Clockwork,Album,2013,Alternative Rock,Rock,2,8.0,"Pretty good effort, although it's help back by a few average songs, and not enough really good songs",,ec1bf152e000b0b5
Queens of the Stone Age,Villians,Album,2017,Alternative Rock,Rock,3,7.5,,,e3429b0c35d87e8b
R.E.M.,Automatic for the People,Album,1992,Alternative Rock,Rock,2,7.0,"Solid album. Nice jangly guitars, acoustics too. Maybe a bit overproduced",,71f6336d60793d61
Radiohead,The Bends,Album,1995,Alternative Rock,Rock,3,8.5,"Lots of good songs, no real concept tho. Doesn't grab me as much as some of thier others",,d8d92c001cf608bd
Radiohead,OK Computer,Album,1997,Alternative Rock,Rock,9,10.0,Probably my favorite album of all time,Owned,22932bffb1ea4292
Radiohead,Hail to the Theif,Album,2003,Alternative Rock,Rock,3,7.0,,,a3e7e71d1ab1d99b
Radiohead,In Rainbows,Album,2007,Alternative Rock,Rock,10,10.0,,Wishlist,ab2ecbe116e61b47
"Replacements, The",Let It Be,Album,1984,Alternative Rock,Rock,4,8.0,"Really great alt rock, enjoyed it a lot. Nice jangle to it, great lyrics too",Wishlist,905888aade1fa6a3
"Replacements, The",Tim,Album,1985,Alternative Rock,Rock,2,8.0,,,bd63a08fe6c2c374
Safari,The Breeders,EP,1992,Alternative Rock,Rock,1,7.0,"Really nice EP, few good songs. Safari is the standout",,3a6cb66d23d619df
Smashing Pumpkins,Siamese Dream,Album,1993,Alternative Rock,Rock,5,7.5,"Pretty good alt rock/grunge. Massive riffs at times. More experimental at the end, ie silverfuck",,22846867f9caeca5
Vallow,Sunroom,Album,2018,Alternative Rock,Rock,2,8.0,"Elliot Smith meets Radiohead meets Beach Boys meets Beatles. Love it. Wish there was more of a concept or a theme though, unless I missed it",,4c1968323d392f59
Ween,Chocolate and Cheese,Album,1994,Alternative Rock,Rock,1,7.0,"Every song a different genre, slightly too silly to be rated higher tho for me. Also Candi is hot shit",,2a19044ee4175a91
Weezer,Pinkerton,Album,1996,Alternative Rock,Rock,1,7.5,"Not bad by any means, but not as catchy or stand-out as Blue Album",,ea18f310a59d7190
Wilco,Yankee Hotel Foxtrot,Album,2002,Alternative Rock,Rock,7,9.0,"Really enjoying it so far, the noise in the background is really cool",Owned,f1119c6b1523acad
Wilco,A Ghost Is Born,Album,2004,Alternative Rock,Rock,2,6.0,"A few tracks really really drag out, like Spiders (Kidsmoke) and the ending of Less than you think",,f8367fef632e03e5
"Afghan Whigs, The",Gentlemen,Album,1993,Alternative Rock,Rock,0,,,,e47cb66ccb490938
Nick Cave and The Bad Seeds,Murder Ballads,Album,1996,Alternative Rock,Rock,3,9.0,,,0558e0b22c01d051
C418,Minecraft - Volume Alpha,Album,2011,Ambient,Ambient,4,7.0,"Surprisingly good, puts you in a good mood. A bit overlong, with a few forgettables in here, but nice ambient stuff",,6646a8b92368bdb3
Tim Hecker,Konoyo,Album,2018,Ambient,Ambient,1,6.0,,,9435f4f2c7a7553a
Aphex Twin,Selected Ambient Works 85-92,Album,1992,Ambient Techno,Electronic,1,8.0,"Good chill BG music, drags a bit if your actively listening",,ed7761d6dc7e7e65
Johnny Cash,At Folsom Prison,Live Album,1968,Americana/Country,Folk,10,9.0,,,755ac504eadd3896
Johnny Cash,American Recordings,Album,1994,Americana/Country,Folk,10,8.5,,,0e00e918e5b1c68e
Johnny Cash,Unchained,Album,1996,Americana/Country,Folk,10,8.0,,,54dc9bcff3503307
Johnny Cash,American III: Solitary Man,Album,2000,Americana/Country,Folk,10,9.0,,,f3a159ab666be068
Johnny Cash,American IV: The Man Comes Around,Album,2002,Americana/Country,Folk,10,9.5,,,ee1d5f46b88a9d2c
Johnny Cash,American V: A Hundred Highways,Album,2006,Americana/Country,Folk,10,,,,9c956eed652cd9f7
Triana,El Patio,Album,1975,Andalusian Rock,Rock,1,7.5,,,2ac49d4a0ca29eba
Bjork,Debut,Album,1993,Art Pop,Pop,3,8.5,Love how experimental it is,Wishlist,cc88f8bb1a19af12
Bjork,Post,Album,1995,Art Pop,Pop,4,9.5,"Need some more listens for sure. Darker than the last, and more trip-hoppy. Variety too",Wishlist,1123de30a9230761
Bjork,Homogenic,Album,1997,Art Pop,Pop,4,8.5,,,d0a95ea506300bb3
Bjork,Vespertine,Album,2001,Art Pop,Pop,1,8.0,Need more listens for it to grow on me. Kinda creepy,,9981c10218dc650c
Feu! Chatterton,Palais d'argile,Album,2021,Art Pop,Pop,1,6.5,"Pretty fun, need more listens before it really jumps out at me",,a4981716f857c478
Fiona Apple,Fetch The Bolt Cutters,Album,2020,Art Pop,Pop,1,7.5,,,10a1b5e0874cb648
Gorillaz,Demon Days,Album,2005,Art Pop,Pop,4,8.0,"The definitive Gorillaz record. Lots of great tracks, more experimental than the debut",Wishlist,d151be9e53569f3a
Kate Bush,The Dreaming,Album,1982,Art Pop,Pop,1,,,,a50784c1a499f2c6
Kate Bush,Hounds of Love,Album,1985,Art Pop,Pop,4,8.5,,,71baaec4b57b5c22
Let's Eat Grandma,I'm All Ears,Album,2018,Art Pop,Pop,1,7.0,Hey this is great! Definately deserves a few more listens,,38fc2678ef508c67
Spelling,The Turning Wheel,Album,2021,Art Pop,Pop,2,7.5,,,d0a8f50fd478c89a
Sufjan Stevens,Carrie & Lowell,Live Album,2015,Art Pop,Pop,1,8.0,"Great take on the og album, quite different, more electronic",,aa72613c0f140bed
Kirin J Callinan,Bravado,Album,2017,Art Pop,Pop,0,,,,d237c11869430b25
Television,Marquee Moon,Album,1977,Art Punk,Punk,11,10.0,"Wow, three listens today. Might actually be my new favourite album",Owned,95674233a2583603
Tropical Fuck Storm,Braindrops,Album,2019,Art Punk,Punk,1,8.0,,,145a7cc2ab5d87ae
Black Country New Road,Ants From Up There,Album,2022,Art Rock,Rock,9,9.0,Bruh this shit is beautiful,,96daa6200d7d526c
David Bowie,Station to Station,Album,1976,Art Rock,Rock,3,9.0,,,f6f738580b4392ea
David Bowie,"""Heroes""",Album,1977,Art Rock,Rock,1,8.0,"Solid record, really enjoyed",,59a5b613730976b8
David Bowie,Low,Album,1977,Art Rock,Rock,4,8.5,"First side is great David Bowie stuff with extra synths, second half is cool Brian Eno styled ambient",Wishlist,250bc709951d2377
David Bowie,Lodger,Album,1979,Art Rock,Rock,1,7.0,Really weird. Pretty enjoyable though,,fbc48c677658234d
David Bowie,Scare Monsters (And Super Creeps),Album,1980,Art Rock,Rock,1,8.0,,,b36eecc83374467f
David Bowie,★ [Blackstar],Album,2016,Art Rock,Rock,3,8.5,What a great way to end a career,,74ce4e7a5759d3df
Electric Light Orchestra,Elderado,Album,1974,Art Rock,Rock,1,7.0,,,09b89eadc9e9046b
Iggy Pop,Lust For Life,Album,1977,Art Rock,Rock,2,7.5,IM A PASSENGER,,c60acf3b121eb631
Nick Cave and The Bad Seeds,Skeleton Tree,Album,2016,Art Rock,Rock,1,7.5,"Wow, this is dark. Like it a lot",,9d650a5a908130ad
Radiohead,Kid A,Album,2000,Art Rock,Rock,5,10.0,This really grows on you,,25ee985ba765c584
"Velvet Underground, The",The Velvet Underground & Nico,Album,1967,Art Rock,Rock,2,8.0,"It's really rough, which I don't always like. Can see the genius though, but don't think I would listen to it very often",,e507ed7baa5d62b8
Nick Cave and The Bad Seeds,Abattoir Blues / The Lyre of Orpheus,Album,2004,Art Rock,Rock,0,,,,8e7abedd98eb015c
Nick Cave and The Bad Seeds,Push the Sky Away,Album,2013,Art Rock,Rock,0,,,,7a3dd90237012d25
black midi,Cavalcade,Album,2021,Avant Prog,Rock,1,7.0,"More listens needed. I don't dislike it, just too dense to grasp with one listen",,79610b650502ae5a
Tim Buckley,Starsailor,Album,1970,Avant-Folk,Folk,1,8.0,,,a2cf26ddfaa055a0
Mingus,The Black Saint and the Sinner Lady,Album,1963,Avant-Garde Jazz,Jazz,4,10.0,,,205d658a0b428e4b
Ornette Coleman,The Shape Of Jazz To Come,Album,1959,Avant-Garde Jazz,Jazz,1,8.0,,,a2810e9d3e69a8ac
Max Roach,We Insist! Max Roach's Freedom Now Suite,Album,1961,Avant-Garde Jazz,Jazz,4,9.0,"What an album, holyballs",,550125e43ace01a1
"Beach Boys, The",Pet Sounds,Album,1966,Baroque Pop,Pop,6,10.0,"Such a great piece of pop music, loved the production and the harmonies",Wishlist,3ed3e14861dcf7af
"Beach Boys, The",The Smile Sessions,Compilation,2011,Baroque Pop,Pop,3,10.0,"Absolutely historic, and beautiful. So much to love here, many takes of songs that are honestly better than what ended up on Brian Wilson's Smile",,b6deda6fa43b2994
Weyes Blood,Titanic Rising,Album,2019,Baroque Pop,Pop,1,9.0,,,7962bc6f23b0478f
Chemical Brothers,No Geography,Album,2019,Big Beat,Electronic,1,7.0,,,55235644e9859b11
Progidy,The Fat of the Land,Album,1997,Big Beat,Electronic,1,6.0,"Drags out a wee bit, a lot of it is kinda samey",,4198a100b0da6171
David Bowie,Young Americans,Album,1975,Blue-Eyed Soul,Soul / R&B,1,7.0,"Kinda painful tbh. Doesn't really do soul that much justice. Few nice tracks, like the opener, but a bit weak overall especially next to his greats",,3f2cc4e1be8fe222
Rolling Stones,Aftermath,Album,1966,Blues Rock,Rock,1,6.5,"Few good tracks, quite a few I don't enjoy (like stupid girl)",,fc388b54f3c29786
The Rolling Stones,Let It Bleed,Album,1969,Blues Rock,Rock,1,8.5,,,a0a4980e8c04f0fe
The Rolling Stones,Sticky Fingers,Album,1971,Blues Rock,Rock,1,9.0,,,0cc547173e707c8a
The Rolling Stones,Exile on Main St.,Album,1972,Blues Rock,Rock,1,6.0,"Not as bad as I first thought, but really not that in to it",,eec9746b3dd2ea41
The Rolling Stones,Beggars Banquet,Album,1968,Blues Rock,Rock,0,,,,581ef871561e2af6
Blur,Parklife,Album,1994,Brit Pop,Pop,2,7.0,,,a91d5bedd519cf2f
Oasis,(What's the Story) Morning Glory?,Album,1995,Brit Pop,Pop,5,7.5,,,a5826f71171003de
Sophie,Oil of Every Pearl's Un-Insides,Album,2018,Bubblegum Bass,Electronic,4,7.5,,,be0c88ec18ede8b8
Soft Machine,Third,Album,1970,Canterbury Scene,Jazz,1,7.0,,,4a7f1e95e7d7c668
Joanna Newsom,Ys,Album,2006,Chamber Folk,Folk,2,6.0,"Bit samey, but quite charming. Drags out for me. Missing something here",,d2b787df1657564a
Nick Cave & Warren Ellis,CARNAGE,Album,2021,Chamber Pop,Pop,1,7.0,"Not bad by any means, fairly normal regular ol' Nick Cave slow music",,75a8435d7cba71aa
Radiohead,A Moon Shaped Pool,Album,2016,Chamber Pop,Pop,3,7.5,"Very subtle, a bit boring because of it, maybe. Very well done though and a nice listen",,23ab2c8c6db46d58
Sufjan Stevens,Illinois,Album,2005,Chamber Pop,Pop,4,8.5,"This is incredible. So beautiful, and often soul ripping. Casmir Pulaski Day cuts like a knife",,509754208bcf945e
Weezer,OK Human,Album,2021,Chamber Pop,Pop,4,7.0,,,657f3b66fc528e79
Solar Heavy,Compilation,Album,2014,Chillstep,Electronic,1,6.0,Decent chillstep,,b3a2aeb65351f386
Kanye West,JESUS IS KING,Album,2019,Christian Hip Hop,Hip Hop,1,3.0,,,d0ae87eeca124f55
The Everly Brothers,The Everly Brothers (They're Off and Rolling),Album,1957,Close Harmony,Folk,1,7.0,,,4da8dff09e7ad008
A$AP Rocky,LiveLoveA$AP,Mixtape,2011,Cloud Rap,Hip Hop,1,6.0,"Solid mixtape, great to blaze too. He only went downhill from here",,705497c543808704
"Underachievers, The",Indigoism,Mixtape,2013,Cloud Rap,Hip Hop,1,6.0,,,239c81c45a68875f
A Tribe Called Quest,We got it from Here... Thank You 4 Your service,Album,2016,Conscious Hip Hop,Hip Hop,2,8.0,"Great album, although it is overlong. Amazing how good they still are after all these years",,16e43b28fb5bd3ac
Kendrick Lamar,Mr. Morale & The Big Steppers,Album,2022,Conscious Hip Hop,Hip Hop,2,8.0,"Few good songs, growing on me each listen though. Definately better than Damn",,a7aaa27453ece431
Little Simz,Sometimes I Might Be Introvert,Album,2021,Conscious Hip Hop,Hip Hop,5,9.0,,,b6ac252fb5fc0752
Rapsody,Laila's Wisdom,Album,2017,Conscious Hip Hop,Hip Hop,1,8.0,,,ecd6b83494fe6078
"Royce da 5'9""",Book of Ryan,Album,2018,Conscious Hip Hop,Hip Hop,1,6.0,,,71c6802f352134c2
Chris Stapleton,Starting Over,Album,2020,Contemporary Country,Country,6,8.5,,,f25de18624e57f4a
Aldous Harding,Aldous Harding,Album,2014,Contemporary Folk,Folk,1,7.0,Nice folk/signer songwriter stuff. Emotive singing,,9f79dcb45de18b4d
Bob Dylan,The Times They Are A-Changin',Album,1963,Contemporary Folk,Folk,1,7.0,"Hardly focuses on the music at all, just the lyrics. Not his best",,40ab3742b2f371c6
Bob Dylan,Another Side of Bob Dylan,Album,1964,Contemporary Folk,Folk,1,7.5,Prefereable to the previous album,,cfbcec71af16172f
Bob Dylan,The Freewheelin' Bob Dylan,Album,1965,Contemporary Folk,Folk,2,8.5,"Such good folk, love the protest songs, and Girl From The North Country is so good",,4b6f1f515ebab95b
Leonard Cohen,Songs of Leonard Cohen,Album,1967,Contemporary Folk,Folk,5,9.5,"Really lovely folk, well sung and written.",Owned,da5408eac660b893
Nick Drake,Pink Moon,Album,1972,Contemporary Folk,Folk,5,10.0,,,03a349b1a03cb856
Anderson .Paak,Ventura,Album,2019,Contemporary R&B,Soul / R&B,1,6.5,,,4b3791212713df88
Ariana Grande,Sweetener,Album,2018,Contemporary R&B,Soul / R&B,3,7.0,I think I might just have a soft spot for Ariana's voice,,a17e647e081ae225
Beyoncé,Lemonade,Album,2016,Contemporary R&B,Soul / R&B,2,8.0,,,2de0f7db654abd96
Beyoncé,Homecoming: The Live Album,Live Album,2019,Contemporary R&B,Soul / R&B,6,7.0,"Fucking gold. Don't like all the intermissions though, especially without context of the video. Brass works great",,19e84c0d119e5a82
Janelle Monáe,Dirty Computer,Album,2018,Contemporary R&B,Soul / R&B,1,7.0,"Honestly too poppy sounding for me, not 'original' enough. Still lots of solid songs, and a few great moments",,b445cfba2b2b7de7
Justin Timberlake,Man of the Woods,Album,2018,Contemporary R&B,Soul / R&B,1,2.0,"A few decent songs, but overall a really shitty mix of Trap and Country",,418efa02bff133d3
Gene Clark,No Other,Album,1974,Country Rock,Country,4,10.0,,,3e774dbe077d01a5
Gram Parsons,Grievous Angel,Album,1974,Country Rock,Country,1,7.5,"Not bad, I'm a sucker for country rock. How did so much good country rock come out of the Byrds",,8b7231155600644c
Neil Young,Everybody Knows This Is Nowhere,Album,1969,Country Rock,Country,10,9.5,,Owned,587fed5ccce44a18
Neil Young,Harvest,Album,1972,Country Rock,Country,10,9.0,A man needs a maid and There's a world ruin an otherwise flawless album,Owned,249a1f32e7ce5da2
Neil Young,Tonight's the Night,Album,1975,Country Rock,Country,10,9.5,,,4b316862cea9cfdc
Neil Young,American Stars 'N Bars,Album,1977,Country Rock,Country,4,8.0,,,001cf495a65ed29b
Beyonce,RENAISSANCE,Album,2022,Dance-Pop,Electronic,1,7.5,,,99c257061f626754
Wharfwhit,@ My Whit's End,EP,2018,Dance-Pop,Electronic,1,4.0,Don't really like this. The portal turrets are really annoying.,,99e14eee897286ba
LCD Soundsystem,Sound Of Silver,Album,2007,Dance-Punk,Punk,2,8.0,Yo WTF dude how did I not like this is slaps OMEGA HARD,,c301ccf79d1d8d03
LCD Soundsystem,This is Happening,Album,2010,Dance-Punk,Punk,1,7.5,Not as good as the Sound Of Silver,,006851ab298d4098
Lizzy Mercier Descloux,Mambo Nassau,Album,1981,Dance-Punk,Punk,1,6.5,"Got some really good moments, but a few really bad ones too. Like it overall, but might not come back to it",,f65182aa52d081ac
Tomb Mold,Planetary Clairvoyance,Album,2019,Death Metal,Metal,1,7.0,,,ea2b31d5d456f0ff
A.A.L. (Against All Logic),2012 - 2017,Album,2018,Deep House,Electronic,3,8.0,"So good, love the sampling, reminds me of Daft Punk at times, J Dilla at others. Patrician deep house",,1c536651557909f7
Disclosure,Settle,Album,2013,Deep House,Electronic,1,6.0,"Solid house music, really dancey. Nothing super experimental or crazy tho. Drags out a little",,799e2b6a57efaa08
Aretha Franklin,I Never Loved a Man the Way I Love You,Album,1967,Deep Soul,Soul / R&B,5,7.0,"Great soul, Respect is a classic, and Change is a fantastic cover. Also love how sexy it all is",,68ba3d9ebd196912
Beach House,7,Album,2018,Dream Pop,Pop,5,8.5,So many good tracks. Few of them kinda blend in to each other too much but so gud,,fd8ef6bc0b80b6d5
Fishmans,98.12.28 男達の別れ (98.12.28 Otokotachi no Wakare),Live Album,1999,Dream Pop,Pop,2,9.0,,,5309afa0f8e719b2
Slowdive,Souvlaki,Album,1993,Dream Pop,Pop,3,9.5,,,7bac151d1321752d
Sunn O))),Life Metal,Album,2019,Drone Metal,Metal,1,5.0,,,989b71afdbfb80c0
Nosia,Outer Edges,Album,2016,Drum and Bass,Electronic,0,,,,f81d24128110e2a6
"Black Seeds, The",Into the Dojo,Album,2006,Dub,Reggae / Dub,1,6.0,,,645e72c7bac5dffc
Scientist,Scientist Rids The World Of The Evil Curse Of The Vampires,Album,1981,Dub,Reggae / Dub,1,7.0,,,6cc2716ceed54154
Super Ape,The Upsetters,Album,1976,Dub,Reggae / Dub,1,6.0,,,4afb630ae7afca84
Caspa & Rusko,Fabriclive.37,Compilation,2007,Dubstep,Reggae / Dub,1,6.0,"Solid dubstep, but fair few annoying tracks, although some great ones on here",,b7713d1d6bc273d6
Tall Dwarfs,Three Songs,EP,1981,Dunedin Sound,Rock,1,9.0,,,e007a223ac35bc6e
Tall Dwarfs,Hello Cruel World,Compilation,1987,Dunedin Sound,Rock,1,7.5,"Lots of really cool, inspired stuff. Lots of misses",,0ad59e09f5cc19a4
The Chills,Kaleidoscope World,Compilation,1986,Dunedin Sound,Rock,1,8.5,,,afbd5c21babb5da7
A Tribe Called Quest,Midnight Marauders,Album,1993,East Coast Hip Hop,Hip Hop,3,9.0,"Fucking solid too, another great album",,b9f259a3189b8f50
A$AP Rocky,TESTING,Album,2018,East Coast Hip Hop,Hip Hop,1,4.0,,,4e489d057d7304ba
"Beastie Boys, The",Paul's Botique,Album,1989,East Coast Hip Hop,Hip Hop,1,8.0,"Love the production, just have a hard time with the vocals",,d3c6155dfd146d70
Camp Lo,Uptown Saturday Night,Album,1997,East Coast Hip Hop,Hip Hop,1,7.0,LUCCINIIII FALLING FROM THE SKYY,,202c99f67d65e476
Czarface Meets Metal Face,Czarface & MF DOOM,Album,2018,East Coast Hip Hop,Hip Hop,1,6.0,"Not bad, but not that many great songs. Kinda few weak verses, MF not on his A game",,2915518b24b0a9df
De La Soul,3 Feet High and Rising,Album,1989,East Coast Hip Hop,Hip Hop,1,4.0,"Definately great in certain points, but holy shit, some weak moments for sure. De La Orgee, wtf were they thinking?",,8cfe545ffb9761d1
Genius/GZA,Liquid Swords,Album,1995,East Coast Hip Hop,Hip Hop,4,9.0,"Needs to grow on me a bit, much like that one Wu Tang album",,7f881f591700e83f
Mobb Deep,The Infamous,Album,1995,East Coast Hip Hop,Hip Hop,10,9.0,"Great, but not the greatest classic/east coast hip hop. Beats are hard, rhymes are dangerous",,a5436b57060567ba
Mos Def,Black On Both Sides,Album,1999,East Coast Hip Hop,Hip Hop,5,9.0,Starts super fire. Dragged out a little too long,Wishlist,3ac36c2aff4a89b4
Nas,Illmatic,Album,1994,East Coast Hip Hop,Hip Hop,6,10.0,"Every song is dope, one of my favorite albums of all time",Owned,8fb2e13c07d5021e
Nas,NASIR,Album,2018,East Coast Hip Hop,Hip Hop,3,6.5,"Solid, love the production, some great bars. Also some cringy conspiracy/anti vax bars that ruin songs. Nas sounds kinda strange on the beats though",,ede6cd4b13ef4027
Nas,King's Disease II,Album,2021,East Coast Hip Hop,Hip Hop,1,8.0,"Yo this shit slaps, also L A U R E N F U C K I N G H I L L",,2670b24ad8421ce1
Public Enemy,It Takes a Nation of Millions to Hold Us Back,Album,1988,East Coast Hip Hop,Hip Hop,1,7.0,"Production seems really dated, distracts me from the lyrics. Holy shit tho dope as lyrics. I think these guys influenced RATM",,a1684826739364d7
"Roots, The",Things Fall Apart,Album,1999,East Coast Hip Hop,Hip Hop,2,8.0,"Little bit too long, Dynamite is sick. Love the real instruments. Reminds me of Black On Both Sides sometimes",Wishlist,77bb932a4c913ad8
The Notorious B.I.G.,Ready To Die,Album,1994,East Coast Hip Hop,Hip Hop,1,7.0,"Lots of classic songs, but please no sex interludes plz",,5a41d3f155d7e117
Wu-Tang Clan,Enter The Wu-Tang,Album,1993,East Coast Hip Hop,Hip Hop,3,9.0,"Slightly too repetitive in the beat department, but definately a classic",Wishlist,cb524f5e32c03d14
Danger Mouse & Black Thought,Cheat Codes,Album,2022,East Coast Hip Hop,Hip Hop,1,8.0,,,c7bd0f43d606b1a7
MF DOOM,MM...FOOD,Album,2004,East Coast Hip Hop,Hip Hop,3,8.0,The skit interlude in the middle is too long,,5c1348ce1991c1e4
Raekwon,Only Built 4 Cuban Linx...,Album,1995,East Coast Hip Hop,Hip Hop,1,8.5,"Solid, but doesn't quite measure up to LS or 69 chambers",,5bfb20f1b8a390d0
Coil,The Ape Of Naples,Album,2005,Electronic,Electronic,1,7.0,,,fe8338a4a5a453da
Gorillaz,The Now Now,Album,2018,Electropop,Electronic,1,6.5,"Not bad, but just not that good either. Not so much in terms of really strong points",,91c8726f347a77b7
Kanye West,808s & Heartbreak,Album,2008,Electropop,Electronic,2,6.0,"There are some good moments on here, but also some really weak ones. It's a testiment to Kanye that he dared to make it, though",,57a390f6b1202677
Kero Kero Bonito,Bonito Generation,Album,2016,Electropop,Electronic,1,6.0,"Ok, I gotta listen to this more to figure out if I like it or not. Super sweet and poppy but ironically",,34600f97f3020735
LSD,"LABRINTH, SIA & DIPLO PRESENT... LSD",Album,2019,Electropop,Electronic,1,6.0,,,390363dacf719a72
M.I.A.,Kala,Album,2007,Electropop,Electronic,1,6.0,Liked it more than expected,,c2bcf892e7b2ee20
Brockhampton,Iridescence,Album,2018,Experimental Hip Hop,Hip Hop,4,6.5,"I like it quite a bit. This is a grower. 2-4 are a bit weak, but the rest are really solid and some of my fave BH tracks are on here",,b0497c6d02bb3e1f
Danny Brown,Atrocity Exhibition,Album,2016,Experimental Hip Hop,Hip Hop,7,9.0,Super experimental and dark. Lots of Post-Punk influence. Really cool,Wishlist,504d587df6bb1f0b
Death Grips,Exmilitary,Album,2011,Experimental Hip Hop,Hip Hop,3,9.0,Ok this is fire,,ecbc70dc0ef1bce1
Death Grips,The Money Store,Album,2012,Experimental Hip Hop,Hip Hop,4,8.0,Gonna need some more listens. Mc Ride's screaming is cool and the beats are nuts. Sounds like what Yeezus should have been,,10225d39c9d6207c
Death Grips,The Powers That B,Album,2015,Experimental Hip Hop,Hip Hop,2,9.0,,,57cfa962b10d22f9
Death Grips,Year Of The Snitch,Album,2018,Experimental Hip Hop,Hip Hop,1,6.5,,,ca58c40c671ea33b
Deltron 3030,Deltron 3030,Album,2000,Experimental Hip Hop,Hip Hop,1,7.0,,,98588a9bb1129be5
Injury Reserve,Injury Reserve,Album,2019,Experimental Hip Hop,Hip Hop,1,7.5,,,29ac0bf2b105d9b4
Injury Reserve,By the Time I Get to Phoenix,Album,2021,Experimental Hip Hop,Hip Hop,1,7.0,,,af9ebc395cc14582
JPEGMAFIA,All My Heros Are Cornballs,Album,2019,Experimental Hip Hop,Hip Hop,5,8.5,"Really like this, weird and such a vibe",,d02ff6bd190cdcc3
Kanye West,Yeezus,Album,2013,Experimental Hip Hop,Hip Hop,5,7.0,"Got a few strong points, but a lot of really weak points. Not the best lyricism, few good experimental beats tho",,99d5244fa2425c97
KIDS SEE GHOSTS,KIDS SEE GHOSTS,Album,2018,Experimental Hip Hop,Hip Hop,9,7.5,"This is pretty great. Really psych for rap. Some weaker moments still, and I wish it were longer.",,cf3f1199e84fd8b8
Some Rap Songs,Earl Sweatshirt,Album,2018,Experimental Hip Hop,Hip Hop,4,7.5,,,b35db2fadabee4f3
"Tyler, The Creator",Flower Boy,Album,2017,Experimental Hip Hop,Hip Hop,4,8.0,"Tylers best, really solid effort. Some weak tracks, some really good ones",,eb126b237dcbb584
JPEGMAFIA,LP!,Album,2021,Experimental Hip Hop,Hip Hop,1,8.5,,,dda6f50e4794908c
Jack White,Boarding House Reach,Album,2018,Experimental Rock,Rock,1,2.0,,,5116c4564ad132f6
Swans,Soundtrack For The Blind,Album,1996,Experimental Rock,Rock,1,7.0,,,dd073e0c3a7d111f
The Mothers of Invention,Freak Out!,Album,1966,Experimental Rock,Rock,1,7.5,"Pretty good, but didn't age that well",,f14b191de2b06ef2
Tom Waits,Bone Machine,Album,1992,Experimental Rock,Rock,10,9.0,,Wishlist,e4a25f17e2c58ec6
"Velvet Underground, The",White Light / White Heat,Album,1968,Experimental Rock,Rock,2,8.0,"This might be my favourite Velvets. Love the guitar tones, super experimental and noisy",,ac706c509646a2e5
Various Artists,Black Panther - The Album,Soundtrack,2018,Film Soundtrack,Soundtrack,1,6.0,,,79eaab7ffad687a6
Agalloch,Ashes Against The Grain,Album,2006,Folk Metal,Metal,1,7.5,"Pretty good. Don't always like the vocals, but the folk/metal mix is cool",,9559b000d7bf44bc
Paul Simon,In the Blue Light,Album,2018,Folk Pop,Folk,1,6.0,,,d62c670931c775b0
Simon and Garfunkel,"Parsley, Sage, Rosemary and Thyme",Album,1966,Folk Pop,Folk,2,7.0,,,0614407640e30054
Simon and Garfunkel,Bookends,Album,1968,Folk Pop,Folk,2,7.5,,,b951923d02080b2a
Simon and Garfunkel,Bridge Over Troubled Water,Album,1970,Folk Pop,Folk,9,9.0,,,ccaa38db7bacc173
Violent Femmes,Violent Femmes,Album,1983,Folk Punk,Punk,2,8.0,"Liked it, but the acoustic punk thing wore a bit thin",,f09313935f64fb88
America,America,Album,1971,Folk Rock,Folk,3,8.0,"Scuffed Neil Young/CSNY, not bad tho",,9c3576207e99f64f
Bob Dylan,Highway 61 Revisited,Album,1965,Folk Rock,Folk,5,9.5,"Really great, lyrics are interesting, if not a bit pretentious. Music is great. That fucking noise on the title track lol",,26ed9197e1111e0f
Bob Dylan,Blonde On Blonde,Album,1966,Folk Rock,Folk,9,10.0,,,99b2d14e1759f4af
Bob Dylan,"The Bootleg Series Vol. 4: Live 1966 - The ""Royal Albert Hall"" Concert",Live Album,1998,Folk Rock,Folk,1,8.5,"The electric half is amazing, but some of the folk half aren't as good as studio. Cool album",,8720a499ef588c62
Buffalo Springfield,Buffalo Springfield,Album,1966,Folk Rock,Folk,3,8.5,"Few great songs (In The Meantime, Flying on the Ground) but a few weak ones",,a2d66d2e34e798d1
Buffalo Springfield,Buffalo Springfield Again,Album,1967,Folk Rock,Folk,2,8.0,,,14e987f7a6d85a3c
"Crosby, Stills, Nash & Young",Déjà Vu,Album,1970,Folk Rock,Folk,3,8.5,"Definately solid, our house woodstock and helpless are bangers",,4e88ac21d40d9d23
David Bowie,David Bowie [Space Oddity],Album,1969,Folk Rock,Folk,1,7.5,"Few cool deepcuts, not that excelent overall. Lotta weak tracks",,81ba353e1d391b7b
Neil Young,After the Gold Rush,Album,1970,Folk Rock,Folk,10,10.0,,Owned,04c129d270428961
Neil Young,Time Fades Away,Live Album,1973,Folk Rock,Folk,10,9.0,"Great album, need some more listens really",,80a3fa41b902f60b
Neil Young,On the Beach,Album,1974,Folk Rock,Folk,10,10.0,,,0fe5da19b65c7326
Neil Young,Zuma,Album,1975,Folk Rock,Folk,10,9.0,,,69f8d99b6fd21bbb
Neil Young,Comes a Time,Album,1978,Folk Rock,Folk,1,7.5,Title track bangs and slaps at the same time,,a44692ae0df18e9b
Neil Young,Rust Never Sleeps,Live Album,1979,Folk Rock,Folk,10,10.0,Powerderfinger!!!! Also is there a better live album?,,35d3ba17e8f8623e
The Band,Music From Big Pink,Album,1968,Folk Rock,Folk,1,7.5,"Not as catchy as the other The Band album, few bangers though",,36b7dfb292792e95
Bob Dylan,Bringing It All Back Home,Album,1965,Folk Rock,Folk,5,9.0,,,a6e9658f15ca6777
The Band,The Band,Album,1969,Folk Rock,Folk,1,9.0,Whoooooo baby has this grown on me big time,,99f8da79442e9cba
Daft Punk,Discovery,Album,2001,French House,Electronic,3,7.0,Digital Love so gud,,6d179034e42e5474
"Earth, Wind & Fire",All 'n All,Album,1977,Funk,Soul / R&B,1,7.0,,,2aa3aa582ac8e196
Kool & The Gang,Wild and Peaceful,Album,1973,Funk,Soul / R&B,1,7.5,,,5d0f8f79784a629b
Kool & The Gang,Spirit of the Boogie,Album,1975,Funk,Soul / R&B,1,7.0,,,989357ab2b74d926
Maggot Brain,Funkadelic,Album,1971,Funk Rock,Soul / R&B,6,9.0,"Holy shit this is amazing, psycidellic, funky, rocky, even folky on the second track. Mental. Farts on the last track tho plz no",Owned,05786f46fba129b4
Burial,Untrue,Album,2007,Future Garage,Electronic,3,7.5,"Not bad, but it drags. Some really great and interesting moments, for sure",,cdc31d79f0a1085b
Freddie Gibbs & Madlib,Piñata,Album,2014,Gangsta Rap,Hip Hop,5,8.5,"Super solid album, shoulda give it a go earlier",,a4e92b92deb0c1ab
Freddie Gibbs & Madlib,Bandana,Album,2019,Gangsta Rap,Hip Hop,4,9.0,,,3c585e0ca8680752
Oh Sees,Orc,Album,2017,Garage Rock,Electronic,1,6.0,,,f3681b9844cb360b
The Wytches,Annabel Dream Reader,Album,2014,Garage Rock,Electronic,1,8.0,"Really fun, like this album",,14f5ecb8e1ccc169
Ty Segall,Freedom's Goblin,Album,2018,Garage Rock,Electronic,2,7.0,,,828c44079e0b36fc
David Bowie,The Man Who Sold the World,Album,1970,Glam Rock,Rock,1,7.0,"Few great songs, but kinda weak overall. Can see the potential",,6508f99c85696e3d
David Bowie,Hunky Dory,Album,1971,Glam Rock,Rock,4,9.0,Ccccchanges!,Wishlist,03e02fbd1e3fcf0d
David Bowie,The Rise And Fall Of Ziggy Stardust And The Spiders From Mars,Album,1972,Glam Rock,Rock,7,10.0,"Really great album, some classic stuff on here",Wishlist,b5ae55db869ab068
David Bowie,Aladdin Sane,Album,1973,Glam Rock,Rock,1,8.0,,,f0603707f092920b
David Bowie,Pin Ups,Album,1973,Glam Rock,Rock,1,5.0,,,0a1b570c5910dde9
David Bowie,Diamond Dogs,Album,1974,Glam Rock,Rock,2,8.0,Fucking slaps. Rebel Rebel is amazing,,8e1e438e13e89358
T. Rex,Electric Warrior,Album,1971,Glam Rock,Rock,1,7.5,Really well mixed and some great tunes,,a70bd2d30cb59638
Lou Reed,Transformer,Album,1972,Glam Rock,Rock,5,8.0,"Pretty solid, but mostly good singles without as strong deep cuts. Perfect day, Walk on the wild side are perfect",,85e8e10b57c796fc
JPEGMAFIA,Veteran,Album,2018,Glitch Hop,Hip Hop,5,7.5,"Not bad, alot of good tracks, need more listens to really get to grips with it",,10fa98c81c160a45
"Cure, The",Pornography,Album,1982,Gothic Rock,Rock,1,8.0,,,f0a5db8f6714ae58
"Cure, The",Disintegration,Album,1989,Gothic Rock,Rock,4,8.0,"Fuuuuck this is great. Really lush, nice mix of rock and almost dream pop",,039d1a89a7d41f50
Dizzee Rascal,Boy in da Corner,Album,2003,Grime,Hip Hop,1,6.0,"Lots of good stuff, but a bunch of crap tracks towards the end. Worth another listen",,7461a7ce745c05df
Alice In Chains,Dirt,Album,1992,Grunge,Rock,10,9.5,Goes so hard,Wishlist,24913f692697abe5
Alice In Chains,Jar Of Flies,EP,1994,Grunge,Rock,2,9.0,,,1270f35099753353
Nirvana,Nevermind,Album,1991,Grunge,Rock,2,8.0,"Pretty good, second half of the album drags a little",,a8a15aa93cac78ca
Nirvana,In Utero,Album,1993,Grunge,Rock,2,,,,f1cb9af50f086dff
Soundgarden,Badmotorfinger,Album,1991,Grunge,Rock,1,7.5,,,e81ef1dc57d03a56
Soundgarden,Superunknown,Album,1994,Grunge,Rock,1,8.5,"Not my favourite of the Grunge holy trinity, but pretty damn solid. Spoonman is a certified banger",,3a172f9ba660d6ac
John Coltrane,Giant Steps,Album,1960,Hard Bop,Jazz,10,9.5,,,59406ee6913824b5
Ryo Fukui,Scenery,Album,1976,Hard Bop,Jazz,1,8.0,,,f9e522c709ef7f4b
Black Sabbath,Technical Ecstasy,Album,1976,Hard Rock,Rock,1,4.0,"Really bad next to the rest of thier discog up to this point. Not metal anymore, and too many poorly written ballads",,4c8adfc1fe609eea
Black Sabbath,Never Say Die,Album,1978,Hard Rock,Rock,1,4.0,"What happened to these guys, only one really good track, being the title one",,42bf7516412ea966
Blue Oyster Cult,Fire of Unknown Origin,Album,1981,Hard Rock,Rock,1,7.5,"Pretty good, but not really standing out that much to me",,4b4f2f5052efe264
Deep Purple,Deep Purple in Rock,Album,1970,Hard Rock,Rock,1,8.5,,,ca18b89c48fb28a9
Deep Purple,Machine Head,Album,1972,Hard Rock,Rock,1,9.0,,,86ee9e6e6d73125a
Greta Van Fleet,From The Fires,EP,2017,Hard Rock,Rock,1,7.0,"Bloody solid EP, really want an album now",,850fe9bf6a22d84d
Greta Van Fleet,Black Smoke Rising,EP,2017,Hard Rock,Rock,3,7.0,"Gotta watch these guys, pretty good Led Zep inspired band. The title track is so good",,6d625c720d854620
Led Zeppelin,Led Zeppelin,Album,1969,Hard Rock,Rock,3,9.5,Wow Your Time is Gonna Come into Black Mountainside is a great transition,Wishlist,a1ea85d773d34b42
Led Zeppelin,Led Zeppelin II,Album,1969,Hard Rock,Rock,4,10.0,,Owned,11dbea7677fc6a20
Led Zeppelin,Led Zeppelin III,Album,1970,Hard Rock,Rock,2,9.0,Really folky. Not as many standout songs as some of thier other efforts,Wishlist,a3c0b936badf6599
Led Zeppelin,Led Zeppelin IV,Album,1971,Hard Rock,Rock,4,10.0,How could this not be a 10,Owned,475358de047d8dd2
Led Zeppelin,Houses Of The Holy,Album,1973,Hard Rock,Rock,1,9.0,"Really great, love how different some of the songs are to other albums, 'The Crunge' is a bit weak",Wishlist,fbda7ffaae05a02f
Led Zeppelin,Physical Graffiti,Album,1975,Hard Rock,Rock,1,8.0,"Lots of good tracks, but overall drags on a bit, and there are a few weaker songs",Wishlist,b8cd992094ed59e5
Thin Lizzy,Jailbreak,Album,1976,Hard Rock,Rock,2,9.0,Gotta be the best Hard Rock I've ever heard. Never mind AC/DC. So fucking good dude holy damn,,11317186f55ff6e1
"Who, The",Who's Next,Album,1971,Hard Rock,Rock,2,8.5,"Pretty good, great few tracks bookmarking it",,daa1170f700d98ab
Danny Brown,The Hybrid,Album,2010,Hardcore Hip Hop,Hip Hop,1,7.0,,,add03e01efe91af2
Danny Brown,XXX,Album,2011,Hardcore Hip Hop,Hip Hop,3,8.0,"Much like attrocity exhibition, describes the downsides of drug abuse in a gripping way",Wishlist,11dccf60567c2318
Danny Brown,uknowhatimsayin¿,Album,2019,Hardcore Hip Hop,Hip Hop,3,8.0,,,9b2bf169564f3dd3
"Denzel Curry, Kenny Beats",Unlocked,Album,2020,Hardcore Hip Hop,Hip Hop,1,7.5,,,08ea4ee558130b32
Pusha T,DAYTONA,Album,2018,Hardcore Hip Hop,Hip Hop,6,8.0,It's Yeezy season boyes!!!! Beats are dope rhymes are tight wtf else you want,Wishlist,4ca3c6a0d4ae711d
Run The Jewels,Run The Jewels,Album,2013,Hardcore Hip Hop,Hip Hop,1,7.0,"Pretty good, great lyrics, interesting beats.",Wishlist,c596094af37d742b
Run The Jewels,Run The Jewels 2,Album,2014,Hardcore Hip Hop,Hip Hop,2,7.5,"Better than the first, the first 4 songs are lit af",Wishlist,f51d3e58b2b23d23
Run The Jewels,Run The Jewels 3,Album,2016,Hardcore Hip Hop,Hip Hop,1,7.0,"Pretty good, bit more laidback than the other ones. Not so many fantastic cuts as 2",Wishlist,41faccf1a3e865d9
Run The Jewels,RTJ4,Album,2020,Hardcore Hip Hop,Hip Hop,1,7.5,"A step up, some really politically relevant stuff. Like it about as much as 2",,a5d6f942cecad907
Dead Kennedys,Fresh Fruit for Rotting Vegetables,Album,1980,Hardcore Punk,Punk,3,9.0,,,ed1ef205c9d8065c
Dead Kennedys,Plastic Surgery Disasters,Album,1982,Hardcore Punk,Punk,1,8.0,,,248413a0e2eb9e20
Dead Kennedys,Give Me Convenience or Give Me Death,Compilation,1987,Hardcore Punk,Punk,1,8.0,,,4135f40647028ebf
Hüsker Dü,Zen Arcade,Album,1984,Hardcore Punk,Punk,2,8.5,"Would probably grow on me, super experimental for punk, and very abrasive. Lots of great tracks though",,1a76cce1a148a66c
Black Sabbath,Black Sabbath,Album,1970,Heavy Metal,Metal,5,9.0,,Owned,9435be21ad3b55d3
Black Sabbath,Paranoid,Album,1970,Heavy Metal,Metal,5,10.0,,Owned,988cbfe7332e5d37
Black Sabbath,Master of Reality,Album,1971,Heavy Metal,Metal,5,9.5,Black Sabbath can do no wrong. Also weed song,Owned,9976a01bad34eb7d
Black Sabbath,Vol. 4,Album,1972,Heavy Metal,Metal,3,8.0,"Got some really good tracks, however Changes falls really flat for me. Also the track 'FX' should have been cut",Wishlist,cdeb8422c93eb183
Black Sabbath,Sabbath Bloody Sabbath,Album,1973,Heavy Metal,Metal,3,8.5,"Very good, quite proggy at points. Not thier best, but very good",,a0f79c187ed5cf09
Black Sabbath,Sabotage,Album,1975,Heavy Metal,Metal,1,6.0,"First few tracks are great, however, the last few tracks really let the album down. Especially Supertzar is terrible",,ac68961a0abc0d19
Black Sabbath,Heaven & Hell,Album,1980,Heavy Metal,Metal,1,7.5,"Like Dio's vocals a lot, and the guitar solo work is so good here. Return to form",,255528a3805e45f2
Iron Maiden,The Number of the Beast,Album,1982,Heavy Metal,Metal,5,8.5,"Super good, especially the second half. God the chorus on the first song though, what a bad first song choice",Owned,67ea9239abd13779
Iron Maiden,Powerslave,Album,1984,Heavy Metal,Metal,3,8.5,,Wishlist,a56426883145d342
Judas Priest,Painkiller,Album,1990,Heavy Metal,Metal,1,9.0,"Really great heavy metal. Love Painkiller, Between the Hammer and the Anvil and Night Crawler especially",,5d8d05af9d208753
Judas Priest,FIREPOWER,Album,2018,Heavy Metal,Metal,3,8.5,Really good heavy metal. Consistent with their past best work,,b3b17c1f03b93dc3
Motörhead,Ace of Spades,Album,1980,Heavy Metal,Metal,1,7.0,Wish some of the lyrics were rethunk,,49fb766398661bba
Visigoth,Conqueror's Oath,Album,2018,Heavy Metal,Metal,1,6.0,,,cbbde12c29208a00
Kanye West,My Beautiful Dark Twisted Fantasy,Album,2010,Hip Hop,Hip Hop,5,9.5,"Lots of great bangers, no weak points except Jay Z verse on Monster, overally very coheisive.",Wishlist,80dc88d982bd8f94
Kanye West,The Life of Pablo,Album,2016,Hip Hop,Hip Hop,1,7.0,"Really inconsitent. Some great tracks, like Pt 1. (shitty lyrics tho) ULB and Parties in LA. Lotta shit tho and boring interludes",,683be98282fc910a
mrgirl,Boundaries,Album,2021,Hip Hop,Hip Hop,1,6.0,"Beats are pretty cool, flows pretty weak, lyrics edgy but good. Some songs suck ass, like Boundries.",,0417b1beb71e965b
Kanye West,The College Dropout,Album,2004,Hip Hop,Hip Hop,5,8.5,,Wishlist,34565dad5b2e6d1f
Kanye West,Late Registration,Album,2005,Hip Hop,Hip Hop,3,8.0,"Few weaker tracks, but overall really good",Wishlist,03598c7c21ddc240
Fugees,The Score,Album,1996,Hip-Hop/R&B,Hip Hop,3,7.5,"Intro skit a little weak, few of the last tracks not so good either. However overall it is a really good hip hop album and Lauryn Hill is great",,feb69910fad96d9f
"Voidz, The",Virtue,Album,2018,Hypnagogic Pop,Pop,4,7.5,"Fucking great! Diverse, synth heavy, punky, such a great mixed bag. Sounds like rock from the future",Wishlist,24a261315069bff8
Boards Of Canada,Music Has The Right To Children,Album,1998,IDM,Electronic,1,6.0,Some moments are too repetitive for me. Definately wanna relisten,,c7297740f1218b70
Flying Lotus,Cosmogramma,Album,2010,IDM,Electronic,1,8.5,Bruh this shit tho,,3f559a061916609e
Acra,Mutant,Album,2015,IDM,Electronic,0,,,,084854f0ecf8fa27
Big Theif,Dragon New Warm Mountain I Believe in You,Album,2022,Indie Folk,Folk,1,,,,5cd4fdfcb34a8072
Big Thief,Dragon New Warm Mountain I Believe in You,Album,2022,Indie Folk,Folk,1,8.5,,,6b416258ace74474
Fleet Foxes,Fleet Foxes,Album,2008,Indie Folk,Folk,1,6.0,"Not bad per-se, but I don't think they are doing much that other folk/soft rock groups haven't already done better",,9f87f3608722f7a2
Microphones,"The Glow, Pt. 2",Album,2001,Indie Folk,Folk,5,8.0,"Really interesting album, warm and epic. Need to listen more times. Some of it gets a bit tiring though",Wishlist,67a20abd72ec560f
Neutral Milk Hotel,In The Aeroplane Over the Sea,Album,1998,Indie Folk,Folk,5,7.0,"Not totally sold on the horns yet, I think it needs to grow on me. Kinda comes off as a bit pretentious. Better the next time around",,a0c2d4e8a6760954
Grandaddy,The Sophtware Slump,Album,2000,Indie Pop,Pop,1,8.0,"This is cool, I like it",,c1c5f61ffd074ed4
Kero Kero Bonito,TOTEP,Album,2018,Indie Pop,Pop,2,8.0,"Really interesting, and super noisy, wee bit lo fi. Rough around the edges, especially track 3. Would like to hear more for sure.",,030fcb641c61fe4f
"Smiths, The",The Queen Is Dead,Album,1986,Indie Pop,Pop,3,8.0,,Wishlist,c2077c21a084ea47
"Smiths, The",Hatful of Hollow,Compilation,1984,Indie Pop,Pop,1,7.0,"Pretty enjoyable, a few tracks that I'm not so keen on",,cce23cc30c46f2c3
Arcade Fire,Funeral,Album,2004,Indie Rock,Rock,3,7.5,Idk why I didn't like this the first time. Lovely textures and great vocals,,50eb8fe777392139
Courtney Barnett,Tell Me How You Really Feel,Album,2018,Indie Rock,Rock,1,6.0,"Really nice listen. Some great songs on here, a few weaker moments though",,b9b1d0b8ea8db703
Dismemberment Plan,Change,Album,2001,Indie Rock,Rock,1,7.5,"Not bad, but I like the other one better",,5730540fd2d575a5
Grandaddy,Under the Western Freeway,Album,1997,Indie Rock,Rock,1,7.5,"Not bad by anymeans, but didn't really click with me that much",,cbcfba7392ec5bcb
Hop Along,"Bark Your Head Off, Dog",Album,2018,Indie Rock,Rock,1,6.5,"Pretty good, like the vocals. Doesn't grab me heaps though, but very solid",,cf7d8148ad567d7f
Modest Mouse,The Lonesome Crowded West,Album,1997,Indie Rock,Rock,2,8.5,"Solid overall, too long though. Really pixies to me",,cbab07a7f55e1a84
Screaming Females,All at Once,Album,2018,Indie Rock,Rock,1,6.0,"Fantasy Lens, Step Outside, CHAMBER FOR SLEEP PT. 1",,1b5111da371a466a
"Strokes, The",Is This It,Album,2001,Indie Rock,Rock,1,6.0,,,a65bbc68286b4e99
The National,Alligator,Album,2005,Indie Rock,Rock,1,7.5,"Not bad, but doesn't stand out to me as being exceptional",,0a9705da8907c7a5
"Weakerthans, The",Left and Leaving,Album,2000,Indie Rock,Rock,2,8.0,,,f3ffaac78f20d21e
"Weakerthans, The",Reconstruction Site,Album,2003,Indie Rock,Rock,1,8.0,,,c830051c7c772b05
Wilco,Summerteeth,Album,1999,Indie Rock,Rock,5,8.0,"Good album. Not as mindblowing as YHF, but really nice listen. More accessable for the most part. Definately too long though",Wishlist,ed669dcaa7358f4a
Car Seat Headrest,Twin Fantasy,Album,2018,Indie Rock,Rock,7,8.5,"One of may favorites so far of 2018, great indie rock",,813c00c1a0bd34c1
Dismemberment Plan,Emergency & I,Album,1999,Indie Rock,Rock,3,9.0,Ok now this shit slaps,,1461bdb7c04a7de5
Nine Inch Nails,The Downward Spiral,Album,1994,Industrial Rock,Rock,3,8.5,I get it now,,38f43433bd819042
Nine Inch Nails,Bad Witch,Album,2018,Industrial Rock,Rock,1,7.5,"Pretty dark, experimental, industrial. Like it quite a bit",,9c19fc38a975cc0f
Nine Inch Nails,The Fragile,Album,1999,Industrial Rock,Rock,1,7.5,Music is good but way to long,,8ea73274f911c5be
Madlib,Sound Ancestors,Album,2021,Instrumental Hip Hop,Hip Hop,1,7.0,"Not bad, just not that exciting",,fdc87afced2a7b48
Blockhead,The Music Scene,Album,2009,Instrumental Hip Hop,Hip Hop,1,5.0,"Some good cuts, but drags out to listen to over an hour of this. Probably a better background record",,97964a43517a1fc2
DJ Shadow,Endtroducing.....,Album,1996,Instrumental Hip Hop,Hip Hop,5,9.5,,,d3e1d6cdd3389c60
J Dilla,Donuts,Album,2005,Instrumental Hip Hop,Hip Hop,5,9.5,"Fucking genius, just feels so right. Sampling perfected",Wishlist,71f925c8d5a2c442
R.E.M.,Murmur,Album,1983,Jangle Pop,Pop,2,8.5,"Man this is really nice! Maybe not quite as good as the Smiths, and maybe a wee but bland, but still nice",,3b2b5570ea998390
The Bats,Daddy's Highway,Album,1987,Jangle Pop,Pop,2,8.5,"Really enjoy this, might prefer to the Chills, not sure",,4497e43f2e1c7eed
The Bats,The Law of Things,Album,1989,Jangle Pop,Pop,1,8.0,,,846a4b70879c0fc2
The Bats,Fear Of God,Album,1991,Jangle Pop,Pop,1,8.0,,,3102bbd585fc42c1
The Chills,Submarine Bells,Album,1990,Jangle Pop,Pop,1,8.0,"Deserves more listens, might be the best Jangle Pop I've heard",,5aa2d303ac992da8
The Chills,Soft Bomb,Album,1992,Jangle Pop,Pop,1,7.0,"Lots of good stuff, but not as consistent as Sub Bells",,7be19e70fa2bfeb8
The Clean,Vehicle,Album,1990,Jangle Pop,Pop,1,9.0,Woah I like this,,0e8fad0b34ee688a
Herbie Hancock,Head Hunters,Album,1973,Jazz Fusion,Jazz,3,9.0,,,85679c008dda1599
Miles Davis,In a Silent Way,Album,1969,Jazz Fusion,Jazz,10,9.5,,,324acae3c5d5bbef
Miles Davis,Bitches Brew,Album,1970,Jazz Fusion,Jazz,3,8.0,"So long, it's a chore to listen too. The music itself is great, although I will have to take a bit longer to listen to it",,f39d66b9dd45818b
Miles Davis,Get Up With It,Compilation,1974,Jazz Fusion,Jazz,2,9.0,"Wtf was I thinking last time, this is fire",,fe1ab80ccbb6042a
The Comet Is Coming,Trust In The Lifeforce Of The Deep Mystery,Album,2019,Jazz Fusion,Jazz,1,7.0,,,176916b9cba815e0
A Tribe Called Quest,The Low End Theory,Album,1991,Jazz Rap,Hip Hop,3,9.0,"Really good album, lyrics are a bit weak at points, beats are perfect tho",,f56d786593e8d073
Kendrick Lamar,To Pimp A Butterfly,Album,2015,Jazz Rap,Hip Hop,6,10.0,Fucking perfect,Owned,3359c5cbab614c2f
Kendrick Lamar,untitiled unmastered.,Compilation,2016,Jazz Rap,Hip Hop,3,7.0,Pretty good for a bunch of B sides. A really annoying skit tho,,5c90b3d153e4487c
"Mothers, The",The Grand Wazoo,Album,1972,Jazz Rock,Jazz,1,7.5,,,8d11b8b654466541
Steely Dan,Can't Buy a Thrill,Album,1972,Jazz Rock,Jazz,2,8.5,"A lot of really great tracks, and the fillt",,3a90e8095dc6410d
Steely Dan,Aja,Album,1977,Jazz Rock,Jazz,1,9.0,"Pretty good overall, like it a lot. Very produced, buttery smooth",,e89ea996bc25a9f6
Frank Zappa and The Mothers of Invention,One Size Fits All,Album,1975,Jazz Rock,Jazz,1,8.0,,,5b513eaa7412f783
Frank Zappa,Hot Rats,Album,1969,Jazz Rock,Jazz,2,8.0,,,85347bdb7b1ee911
Steely Dan,Pretzel Logic,Album,1974,Jazz Rock,Jazz,1,7.0,,,a648a9e0842f74a8
Can,Tago Mago,Album,1971,Krautrock,Rock,1,7.0,,,df734fcc162c81cd
Can,Ege Bamyasi,Album,1972,Krautrock,Rock,1,8.0,"So strange and jammy. Nonsense lyrics, but really cool and interesting instrumentation. Need some more listens",,b20e0f9772355ec2
Can,Future Days,Album,1973,Krautrock,Rock,2,8.0,"Really Ambient, quite pretty so far. Definately want to listen to it again, to form a more complete opinion",,3095572af1fb6a0e
"Stone Roses, The",The Stone Roses,Album,1989,Madchester,Electronic,3,8.5,"Woah, really psychedelic and jangly. Love it",,e33322fe400c560d
Slint,Spiderland,Album,1991,Math Rock,Rock,4,10.0,"This is great, so moody and intense.",,d0c19c5793486c62
Rise Against,The Sufferer & The Witness,Album,2006,Melodic Hardcore,Punk,1,7.0,"Fast paced and energetic, lots of fun songs. Some good slow ones too",,73a3c3af54b63c44
Lil Ugly Mane,Mista Thug Isolation,Album,2012,Memphis Rap,Hip Hop,1,6.5,"Some good stuff, but too long, and not my style of hiphop",,a62d0d30d284bd5c
Rage Against The Machine,The Battle Of Los Angeles,Album,1999,Metal/Hip Hop,Hip Hop,1,7.0,,,80f8e7c6745cd579
Rage Against The Machine,Rage Against The Machine,Album,1991,Metal/Hip Hop,Hip Hop,9,9.0,,Wishlist,130b07025aab093f
Rage Against The Machine,Evil Empire,Album,1996,Metal/Hip Hop,Hip Hop,4,7.0,"Pretty bloody good, but I think I prefer thier self titled debut",,dd91d616eed27f20
Converge,All We Love We Leave Behind,Album,2012,Metalcore,Metal,1,7.0,Need more listens to decide if I like this or The Dusk In Us more,,17002edee76185c1
Converge,The Dusk in Us,Album,2017,Metalcore,Metal,2,7.0,Super heavy and screamy,,aa30637349ea9f7f
Jon Hopkins,Singularity,Album,2018,Microhouse,Electronic,1,6.0,"Not bad, but not super engaging. More background than active listening",,fc7d9571f721e0db
American Football,American Football,Album,1999,Midwest Emo,Punk,1,6.0,"There is an angsty edge to the vocals that I don't like. Instrumentation is cool, but gets kinda tired",,8b4004eba17265ec
John Coltrane,My Favourite Things,Album,1961,Modal Jazz,Jazz,10,8.0,,,a755796cd1225bc8
Miles Davis,Kind Of Blue,Album,1959,Modal Jazz,Jazz,5,10.0,I have no context by which to asess this! Sounds pretty though,,eb2c92cd166560ba
Lauryn Hill,The Miseducation of Lauryn Hill,Album,1998,Neo-Soul,Soul / R&B,3,7.0,,Wishlist,2a2e86b60fe2d6d2
Mac Miller,Circles,Album,2020,Neo-Soul,Soul / R&B,1,7.5,,,4f6c45e4348dcb0b
"Flaming Lips, The",The Soft Bulletin,Album,1999,Neo-Psychedelia,Rock,2,8.0,"Maybe I should relisten, but really not grabbing me first go through. Don't like the vocals.",,47f23a0131576468
"Flaming Lips, The",Yoshimi Battles the Pink Robots,Album,2002,Neo-Psychedelia,Rock,1,8.5,,,646f69973e7e61c6
Lil Ugly Mane,volcanic bird enemy and the voiced concern,Album,2021,Neo-Psychedelia,Rock,1,8.0,WTF is this absolute drug trip,,0cc9ae620f28afe3
Yves Tumor,Safe In The Hands of Love,Album,2018,Neo-Psychedelia,Rock,1,7.0,"Like the music, but the vocals are kinda whiney and emo at points. Reminds me of deciet at points",,45012cd9a1cfd9bf
Anderson .Paak,Malibu,Album,2016,Neo-Soul,Soul / R&B,1,7.5,"Too long, and maybe a bit samey at times. Solid though, lots of potential",,19643f5e3fbe576b
Anderson .Paak,Oxnard,Album,2018,Neo-Soul,Soul / R&B,1,7.0,,,a2ff4fecd6face63
Genesis Owusu,Smiling with No Teeth,Album,2021,Neo-Soul,Soul / R&B,1,8.0,"Experimental soul, really love it",,ed8d85f985e9ebed
Kali Uchis,Isolation,Album,2018,Neo-Soul,Soul / R&B,1,7.0,"Solid effort, few duds like Nuestro Planeto, but many hits",,3866c9899bcd4b70
"Tyler, The Creator",IGOR,Album,2019,Neo-Soul,Soul / R&B,1,8.5,,,1afe8016023eba30
Blondie,Parallel Lines,Album,1978,New Wave,Rock,1,8.5,"Waaaaaaaay better than I expected, this shit straight slaps yo",,fcb9b0160e779609
Devo,Q: Are We Not Men? A: We Are Devo!,Album,1978,New Wave,Rock,1,6.0,,,94e585662417d52a
Elvis Costello,My Aim Is True,Album,1977,New Wave,Rock,1,8.0,,,1da8f1cd5d44146f
Elvis Costello,This Year's Model,Album,1978,New Wave,Rock,1,8.5,,,0cb31a86dc049a70
Split Enz,True Colors,Album,1980,New Wave,Rock,2,7.0,,,db151e47ce8b7afa
Talking Heads,77,Album,1977,New Wave,Rock,1,8.5,,,466a250654fd4d06
Talking Heads,More Songs About Buildings and Food,Album,1978,New Wave,Rock,2,8.0,,,21e88070f22d6fe4
Talking Heads,Fear of Music,Album,1979,New Wave,Rock,2,9.0,Ok now it clicks. Love this,,1ee80d62d73531dd
Talking Heads,Remain in Light,Album,1980,New Wave,Rock,4,10.0,Holy fuck so good,,3396c4b833527dae
Talking Heads,The Name of This Band Is Talking Heads,Live Album,1982,New Wave,Rock,2,9.0,"Really long, but really great. David Bryne sounds great live. Too long for one listen, but so much good stuff.",,86fbace9b376480d
Talking Heads,Speaking In Tounges,Album,1983,New Wave,Rock,1,7.5,Pretty lit. Love how funky it is,,e2dfec33ad347e48
Talking Heads,Stop Making Sense,Live Album,1984,New Wave,Rock,1,9.0,,,c107203241f4b828
The Cars,The Cars,Album,1978,New Wave,Rock,1,7.5,"Way better than I expected, few less than perfect tracks, but lots of great hits and bangers",,68e5aadb2896ccfa
Toy Love,Toy Love,Album,1980,New Wave,Rock,1,7.0,"Good, but inconsistent",,2ea3afb9d439db8b
Daughters,You Won't Get What You Want,Album,2018,Noise Rock,Rock,4,9.5,Mega distubing. A bit like Deceit - This Heat. Loving it more than I thought I ever would tbh,Wishlist,031a66fc3305668b
Dinosaur Jr,You're Living All Over Me,Album,1987,Noise Rock,Rock,3,7.5,"Noisy, fun, garagey rock",,0c51a86d7024dff0
Sonic Youth,Daydream Nation,Album,1988,Noise Rock,Rock,3,9.0,"OK this is great, just needed to let it grow. Long, but hey double album",,18c8a5bbadfb7ec2
Alien Kids,Alien Rap: Songs About Life on the Planet Glumph,Album,2008,Novelty,Soundtrack,1,2.0,This is a meme right,,b0f459e3c88bc96e
Deftones,Adrenaline,Album,1995,Nu Metal,Metal,1,7.0,"Best Nu Metal I ever heard, which makes it pretty OK",,979c8f1e37ce6bd7
Elton John,Yellow Brick Road,Album,1973,Piano Rock,Rock,1,7.0,,,8273f2453a91dd6d
Ariana Grande,"thank u, next",Album,2019,Pop,Pop,1,7.0,"Pretty solid. Especially love ghostin, gives me chills",,8ac8607fe5cf6514
Jeff Rosenstock,WORRY.,Album,2016,Pop Punk,Punk,1,6.5,"Yeah nah. Gross pop punk, although better than most pop punk.",,63b3a438224af72c
My Chemical Romance,Welcome to the Black Parade,Album,2006,Pop Punk,Punk,2,7.5,Way better than it should be. Teenagers is fun idk why people bitch about it,,1d224fdf75d7303f
Black Eyed Peas,Elephunk,Album,2003,Pop Rap,Hip Hop,1,3.0,Pretty unpleasant,,7f5c5afa2b8ef494
Brockhampton,Saturation I,Album,2017,Pop Rap,Hip Hop,5,7.0,"Bangs fucking hard, some of the slower tracks aren't as good",,a893fb8861651181
Brockhampton,Saturation II,Album,2017,Pop Rap,Hip Hop,6,7.5,The lineup of the first four songs is crazy,,f22745c5ce6b8563
Brockhampton,Saturation III,Album,2017,Pop Rap,Hip Hop,4,7.0,,,0150b45759c05df2
Chance the Rapper,The Big Day,Album,2019,Pop Rap,Hip Hop,1,2.0,,,408d751082169441
Diplo,California,EP,2018,Pop Rap,Hip Hop,1,5.0,,,de14fede548ea6a0
Jaden Smith,SYRE,Album,2017,Pop Rap,Hip Hop,1,3.0,"Honestly not too bad. Not always sold on Jaden's singing, or the length of some songs (Lost Boy for example). Drags out too long also",,aa08ad50348d2809
Kanye West,Graduation,Album,2007,Pop Rap,Hip Hop,2,7.5,"Good, but a few shitty cuts like Drunk and Hot Girls. Really poppy too, which is good and bad",,2e639e96b73075b8
Kanye West,Ye,Album,2018,Pop Rap,Hip Hop,3,4.0,,,cc5745957ecec059
N*E*R*D,NO ONE EVER REALLY DIES,Album,2017,Pop Rap,Hip Hop,1,5.0,"The album overall is kinda trash, but there are a few good songs, and some great features that bring it back to a degree",,c703223c1067b143
"Beach Boys, The",Sunflower,Album,1970,Pop Rock,Rock,1,7.5,"Few really good songs on here, but a few kinda weak ones too. Love It's About Time, All I Wanna Do and Slip On Through",,fe230a5667d454f5
"Beatles, The",Help,Album,1965,Pop Rock,Rock,1,7.0,"Lots of good songs, few weak spots tho",,abbe067b02426470
"Beatles, The",Rubber Soul,Album,1965,Pop Rock,Rock,1,8.0,,,74a8cf61d94dba77
"Beatles, The",Revolver,Album,1966,Pop Rock,Rock,4,10.0,"Total classic, every song is brilliant",Owned,f46de72e5bb35a5c
"Beatles, The",Sgt. Pepper's Lonely Hearts Club Band,Album,1967,Pop Rock,Rock,9,9.0,,,b921749fa35445a0
"Beatles, The",Abbey Road,Album,1969,Pop Rock,Rock,5,9.5,"Almost proggy at points, beatiful end to a career",Wishlist,ee917e86194f002b
Big Star,#1 Record,Album,1972,Pop Rock,Rock,3,7.0,,,e927403f8aa0ffca
Bruce Springsteen,Born in the USA,Album,1984,Pop Rock,Rock,2,8.0,,,d8dd426920a4ef00
Crowded House,Woodface,Album,1991,Pop Rock,Rock,3,9.0,"Few certified bangers, few snoozers later on in the albumb",,23bbfa1bf9b1b926
Crowded House,Together Alone,Album,1993,Pop Rock,Rock,4,8.5,,,9528253563c064d7
Dennis Wilson,Pacific Ocean Blue,Album,1977,Pop Rock,Rock,1,8.0,"This be pretty good. Onya Dennis, you fuck",,5cbc81c7de90ab0e
Fleetwood Mac,Rumors,Album,1977,Pop Rock,Rock,4,9.0,Probably one of my favorite pop records,Wishlist,8c7a8cec6f542d5a
George Harrison,All Things Must Pass,Album,1970,Pop Rock,Rock,1,8.5,"Solid ass album, what is life, my sweet lord are highlights",,63079f63cbcef7cb
Prince and The Revolution,Purple Rain,Album,1984,Pop Rock,Rock,6,9.0,"I do like it, singing is great, performance is great, great guitars. Purple Rain too good though, fr",,5e5f9b2068626821
Paul McCartney,Band on the Run,Album,1973,Pop Rock,Rock,1,7.5,,,46393f40a9b1e3df
Paul Simon,Graceland,Album,1986,Pop Rock,Rock,5,8.5,"It's nice, and I like the blend of African Pop in here. However, I think it sounds too '80's', gated reverb, etc. Bet it's a grower",,a2ebc56a4395aa91
The Kinks,Something Else by The Kinks,Album,1967,Pop Rock,Rock,3,8.5,Not as strong as their real banger albums,,62e4c87b717312d4
The Kinks,The Kinks Are the Village Green Preservation Society,Album,1968,Pop Rock,Rock,10,10.0,"Pretty fun, and really creative. Like honestly, how is music this good, ever. I really love this. It makes me want to reduce my other 10s to 9s",,7893f8db7f732c8e
The Kinks,Arthur or the Decline and Fall of the British Empire,Album,1969,Pop Rock,Rock,10,10.0,Victoria straight slaps,,9351d839ea8e9b8f
Tom Petty And The Heartbreakers,Damn The Torpedoes,Album,1979,Pop Rock,Rock,1,7.5,,,f6c2d21c76de237a
Lizzo,Cuz I Love You,Album,2019,Pop Soul,Soul / R&B,1,7.5,,,37a8361038520066
Foo Fighters,The Color And The Shape,Album,1997,Post-Grunge,Rock,1,6.5,"It's not bad, everlong and my hero are great. Lots of weaker stuff, fillter, and repitition",,d15cc6f18c553b05
At the Drive-In,Relatinship of Command,Album,2000,Post-Hardcore,Punk,1,8.5,Really good,,e8d109999b7f38a1
Fugazi,Repeater,Album,1990,Post-Hardcore,Punk,1,,,,9fc48af07f3cabd9
Godspeed You! Black Emperor,Lift Yr. Skinny Fists Like Antennas to Heaven!,Album,2000,Post-Rock,Rock,2,8.0,"Super interesting background music. Way too long tho, and the drone parts are quite grating if you aren't in to it.",,26446f3383cee412
Sigur Rós,Ágætis byrjun,Album,1999,Post-Rock,Rock,2,8.0,"Too long, starts to drag towards the end. Really nice and atmospheric, deserves another listen.",,109d3bf7eb5493fd
Deafheaven,Ordinary Corrupt Human Love,Album,2018,Post-Black Metal,Metal,1,7.0,,,af7f499ffd515da3
John Coltrane,Both Directions At Once,Album,2018,Post-Bop,Jazz,2,8.5,"YUSSS more Coltrane. Really good, as good as any Coltrane",,c2b0782fb2148342
Fugazi,13 Songs,Compilation,1989,Post-Hardcore,Punk,1,9.0,,,7ca6b7f3d8746825
Fugazi,Red Medicine,Album,1995,Post-Hardcore,Punk,1,7.0,,,f3bd851106093155
"Black Country, New Road",For the first time,Album,2021,Post-Punk,Punk,5,8.5,"Really cool, reminds me of Slint",,1f22bc0ef665d703
Gang Of Four,Entertainment!,Album,1979,Post-Punk,Punk,3,8.5,This shit slappppps yoooooo,,de05af080b792971
IDLES,Joy as an Act of Resistance.,Album,2018,Post-Punk,Punk,1,6.5,"Like the music, although it's not all that original. Lyrics are often pretty bad",,c378e564d2647253
Interpol,Turn On The Bright Lights,Album,2002,Post-Punk,Punk,7,8.5,"Really good, some lyrics are a wee bit weak",Wishlist,b09f9177112b5157
Joy Division,Unknown Pleasures,Album,1979,Post-Punk,Punk,9,10.0,Really dark and sinister,Wishlist,11e4c8958cfea2d1
Joy Division,Closer,Album,1980,Post-Punk,Punk,6,9.5,,Wishlist,6f4d97a8b2cc1245
Minutemen,Double Nickels on the Dime,Album,1984,Post-Punk,Punk,6,9.0,Really fucking great,Wishlist,3029e619c13f177b
Nick Cave and The Bad Seeds,Your Funeral ... My Trial,Album,1986,Post-Punk,Punk,1,7.5,,,1287a8d89b14b92d
Nick Cave and The Bad Seeds,Tender Prey,Album,1988,Post-Punk,Punk,2,8.0,,,c538278e4b75a605
Nick Cave and The Bad Seeds,Henry's Dream,Album,1992,Post-Punk,Punk,1,8.0,"Really good. More rocky than the good son, lots of good tunes, really nice production",,6c28c647941b36f3
Nick Cave and The Bad Seeds,Let Love In,Album,1994,Post-Punk,Punk,4,9.5,"Really sinister and bluesy, with a lot of Post-Punk elements too. Peaky blinders",,ca50b6955f1bf95e
Parquet Courts,Wide Awake!,Album,2018,Post-Punk,Punk,5,8.5,Grew on me the next time around,,d9291938b82604c8
PiL,Metal Box,Album,1979,Post-Punk,Punk,1,7.0,"Liiiiitle bit to wierd for me right now, kinda enjoyed it though",,35a9b533a3e2627a
Protomartyr,Relatives in Descent,Album,2017,Post-Punk,Punk,2,7.0,"Pretty good, the lead singer isn't as gripping to listen to as Post-Punk band leaders of the past",,cce563fb44603966
Protomartyr,Consolation E.P.,EP,2018,Post-Punk,Punk,1,7.5,,,3272ad1cec716c55
Protomartyr,Ultimate Success Today,Album,2020,Post-Punk,Punk,1,8.0,,,f482b4dcf3b33778
Television,Adventure,Album,1978,Post-Punk,Punk,1,7.0,"Doesn't reach the heights of Marquee Moon. Dissappointing compared to it, but fairly good in it's own regard",,20452ca95386024d
The Fall,This Nation's Saving Grace,Album,1985,Post-Punk,Punk,2,8.0,,,172801fc887acd97
The Pop Group,Y,Album,1979,Post-Punk,Punk,1,7.0,"I don't get it, probably worthy a few more listens though",,85dc96dc589a8d35
This Heat,Deceit,Album,1981,Post-Punk,Punk,1,8.0,This sounds like nuclear apocolypse.,,6d8872c20bb3227d
Wire,154,Album,1978,Post-Punk,Punk,1,8.0,"Very ""arty"" can see how it infuences dunedin sound, the cure very heavily on a few tracks",,9e202dc89d8934c3
Wire,Chairs Missing,Album,1978,Post-Punk,Punk,5,9.0,Probably need a few more listens to get it. Not anywhere near as straight forwards as Pink Flag,,e575280fd89e6819
Iceage,Beyondless,Album,2018,Post-Punk,Punk,0,,,,bec9753779f4e772
Talk Talk,Spirit Of Eden,Album,1988,Post-Rock,Rock,1,7.0,,,5b5bef1f31ba211b
Talk Talk,Laughing Stock,Album,1991,Post-Rock,Rock,1,8.0,,,9d5808cadea3b12a
Jeff Rosenstock,POST-,Album,2018,Power Pop,Pop,1,6.0,"Not that bad, but doesn't stand out much to me. USA is a good track though",,cd8ba66aedb3b4af
The Pillows,Flcl (Original Soundtrack),Album,2005,Power Pop,Pop,1,8.5,"Bit disjoined, since not every song is played in it's entirety, but lots of good songs with a nostalgic vibe",,4237e92d9f5a3618
Weezer,Weezer [Blue Album],Album,1994,Power Pop,Pop,6,8.5,"Really surprised by how much I like this. Many good songs, few weaker ones, but no duds",Wishlist,66657767aaa7092f
Comus,First Utterance,Album,1971,Progressive Folk,Folk,4,10.0,This is so satanic and dark. Love it a lot,,c584892b387b46fe
Comus,Out Of The Coma,Album,2012,Progressive Folk,Folk,1,6.5,"The new material is great, but the live cut is so poorly recorded it takes me out of it. Kinda sad really",,57c15d56f90c44ef
Roy Harper,Stormcock,Album,1971,Progressive Folk,Folk,6,8.5,,,6bf196c6f71ff5ad
Between The Buried And Me,Colors,Album,2007,Progressive Metal,Metal,5,8.5,Really interesting and varied. You gotta like metalcore tho,,8017390a5a94f216
Dream Theater,Metropolis Part 2: Scenes From A Memory,Album,1999,Progressive Metal,Metal,1,6.5,"Got some really good moments, but it's also overly long, pretentious, and way too wanky",,b8c9b94989d85051
Opeth,Blackwater Park,Album,2001,Progressive Metal,Metal,1,8.0,,,937024cc688c4e73
Between The Buried And Me,The Great Misdirect,Album,2009,Progressive Metal,Metal,0,,,,dfdeef0aeeb39964
Masterdon,Blood Mountain,Album,2006,Progressive Metal,Metal,0,,,,27ab941631e411b4
Supertramp,Breakfast In America,Album,1979,Progressive Pop,Pop,1,7.0,,,c39aaebbb8524715
Camel,Mirage,Album,1974,Progressive Rock,Rock,2,8.0,"Great album, laid back, groovy, prog rock",,7e61d57a91bb7830
Caravan,In the Land of Grey and Pink,Album,1971,Progressive Rock,Rock,1,8.0,"Solid prog rock. Nothing stands out to me as much as some others in this genre however, apart from the last track",,9ad38113c32163c5
Closure In Moscow,Pink Lemonade,Album,2014,Progressive Rock,Rock,1,5.0,"Loved alot of the music, however the lyrics and concept seemed a bit pretentious. Vocals are super annoying. Last track sucks",,fc8e5096f2edd150
Genesis,Selling England by the Pound,Album,1973,Progressive Rock,Rock,1,8.0,,,5d3e10a50671e42c
Jethro Tull,Thick as a Brick,Album,1972,Progressive Rock,Rock,1,9.0,"Pretty wanky, but very smart, and great musicianship",,4627adb7c129b9d3
Kansas,The Wall,Album,1976,Progressive Rock,Rock,1,3.0,Carry on is good but man the rest is a drag,,9fe57be7c1024d11
King Crimson,In the Court of the Crimson King,Album,1969,Progressive Rock,Rock,5,10.0,Holy fuck what a piece of music this is,Wishlist,7c013a11053762f2
King Crimson,Larks' Tongues In Aspic,Album,1973,Progressive Rock,Rock,2,9.0,"First track bangs, love the percussion",Wishlist,d765394ad7235287
King Crimson,Red,Album,1974,Progressive Rock,Rock,4,10.0,Toooooooo goooooood,,e83c7ae4c0492aee
"Mars Volta, The",Frances the Mute,Album,2005,Progressive Rock,Rock,1,7.0,"Oh god, the interludes are so long. Also modern prog doesn't do it so much for me I think. Like the Spanish stuff. Too long!!!",,9ae133281f89d81a
Opeth,Damnation,Album,2003,Progressive Rock,Rock,2,8.0,"Enjoyed it, maybe not enough heavy moments to keep me into it. Really good overall though",,646cfa3f04a95efb
Pink Floyd,Atom Heart Mother,Album,1970,Progressive Rock,Rock,1,7.5,,,6d3a64f7cf506c3c
Pink Floyd,Meddle,Album,1971,Progressive Rock,Rock,2,8.5,,,84b989dc1b61c241
Pink Floyd,Dark Side of the Moon,Album,1973,Progressive Rock,Rock,7,10.0,Pretty much perfect,Owned,3145e56c55a630e2
Pink Floyd,Wish You Were Here,Album,1975,Progressive Rock,Rock,7,9.5,Why are Pink Floyd so good,Wishlist,b28bd0c0363a8666
Pink Floyd,Animals,Album,1977,Progressive Rock,Rock,7,9.5,"Cant fault this one either, Floyd are so good. Love the bitterness and drearyness here",Wishlist,a0cc1c1711b58963
Porcupine Tree,In Absentia,Album,2002,Progressive Rock,Rock,1,7.0,,,c104cde427095a0f
Yes,Fragile,Album,1971,Progressive Rock,Rock,1,7.0,"Few to many duds, not my favourite Yes album. Certainly good though.",,74b4951814ae35be
Yes,Close To The Edge,Album,1972,Progressive Rock,Rock,5,10.0,Wow just fantastic.,Owned (old copy),c02c9bdd15d2f3de
Patti Smith,Horses,Album,1975,Proto-Punk,Punk,6,9.0,,,47ed69691292df2a
The Stooges,Fun House,Album,1970,Proto-Punk,Punk,1,7.0,"Wow this is v loud, especially for 1970",,0fdf548fc1dab197
The Stooges,Funhouse,Album,1970,Proto-Punk,Punk,1,8.0,,,062a4487e756354a
Animal Collective,Merriweather Post Pavilion,Album,2008,Psychedelic Pop,Pop,1,6.0,"Pretty interesting sonically, totally spaced out but also poppy. Seems kinda shallow though, the lyrics are empty",,b3c93bcbc3203f42
"Beach Boys, The",Surf's Up,Album,1971,Psychedelic Pop,Pop,1,7.0,,,b2ab5abd3702535a
Brian Wilson,Smile,Album,2004,Psychedelic Pop,Pop,3,9.0,,,cc88a3c836acda35
Love,Forever Changes,Album,1967,Psychedelic Pop,Pop,7,10.0,,,4eebaea141c721ba
Cream,Disraeli Gears,Album,1967,Psychedelic Rock,Rock,1,7.5,,,66321d78524abb29
"Jimi Hendrix Experience, The",Are You Experienced,Album,1967,Psychedelic Rock,Rock,1,8.0,,,0255652d3bd27b24
"Jimi Hendrix Experience, The",Electric Ladyland,Album,1968,Psychedelic Rock,Rock,2,8.0,,,9cfb9b97143f2140
King Gizzard and the Lizard Wizard,Nonagon Infinity,Album,2016,Psychedelic Rock,Rock,1,6.0,"Feel pretty middle of the road about this. Some good ideas, but many of them are lost in the lo-fi production, and the repition is too much",,7e1351093bea9f44
Pink Floyd,0 The Piper at the Gates of Dawn,Album,1967,Psychedelic Rock,Rock,3,7.5,"Like it a lot, but mixed bag. Nice and weird",,c45792b498ca4946
Pink Floyd,A Saucerful of Secrets,Album,1967,Psychedelic Rock,Rock,1,7.0,,,812e7ba0720cd7aa
Pink Floyd,More,Album,1969,Psychedelic Rock,Rock,1,6.0,Few OK songs but doesn't really work bcuz soundtrack,,847c056fd7858ebc
Pink Floyd,Ummagumma,Album,1969,Psychedelic Rock,Rock,1,6.0,"Live stuff is good, experimental stuff doesn't land for me",,e840d8683de41bd7
Pink Floyd,Obscured By Clouds,Album,1972,Psychedelic Rock,Rock,1,,,,679dbd1c4636a8a3
Tame Impala,Lonerism,Album,2012,Psychedelic Rock,Rock,1,6.0,Got sick of the vocal effect that was used,,a92629e6644de607
Sienna Root,A New Day Dawning,Album,2004,Psychedelic Rock,Rock,0,,,,cbc9458c0733a5a3
"Doors, The","Doors, The",Album,1967,Psychedelic Rock,Rock,10,10.0,"Perfect album, honestly",Owned,45eb4a705e0b72ad
"Doors, The",Strange Days,Album,1967,Psychedelic Rock,Rock,5,9.0,,,b9cd74ed2eb6a68e
Shpongle,Nothing Lasts... But Nothing Is Lost,Album,2005,Psytrance,Electronic,1,4.0,Needs moar drugs. Quite hard to sit through,,ed436ef9bfbc86a4
Dance Exponents,Expectations,Album,1985,Pub Rock,Rock,1,4.0,"Ew, no",,8f57ca94fcdae588
Tropical Fuck Storm,A Laughing Death in Meatspace,Album,2018,Punk Blues,Punk,3,8.0,"Wow this is really good, need some more listens for sure",Wishlist,4d6f7b1a7a9b88b2
"Clash, The",London Calling,Album,1979,Punk Rock,Punk,4,10.0,This is how you do a double album. So much variety. Also Death and Glory is the best,,1d43d619e0aa9b58
Ramones,Ramones,Album,1976,Punk Rock,Punk,3,7.0,"Really fun record, falls a bit flat for me because it's so repetitive",,424a64714f43c645
The Clash,The Clash,Album,1977,Punk Rock,Punk,1,8.0,,,99ac1250fa9bbbce
Wire,Pink Flag,Album,1977,Punk Rock,Punk,5,9.5,"Fair bit of variety, lots of energy",Wishlist,e1ab08c13cf8505a
Bruce Springsteen,Born to Run,Album,1975,Rock,Rock,2,8.0,I want to like it more than I liek it. Born to run is a certified banger tho,,a2f1052f7e62103f
Bruce Springsteen,Darkness on the Edge of Town,Album,1978,Rock,Rock,2,8.5,,,67cba61994f4302a
Bruce Springsteen,The River,Album,1980,Rock,Rock,2,7.5,,,68e59c048a105082
Pink Floyd,The Wall,Album,1979,Rock Opera,Rock,2,7.0,"I like it, but it is too long, and a few songs feel like filler. Much better in context with the film. Also a bit too self indulgent",,bc6bde77f1b52eb0
The Who,Quadrophenia,Album,1973,Rock Opera,Rock,1,7.5,,,240bba67e4996eea
Bob Marley & The Wailers,Legend,Compilation,1984,Roots Reggae,Reggae / Dub,1,7.5,"Great Reggae, so many classic songs on here. Just don't think it transcends into brilliance",,f5f3e1f5f5c6bd1f
Rolling Stones,Beggars Banquet,Album,1968,Roots Rock,Country,1,8.5,This is where the rolling stones show their brilliance,,5cad326d6f8e9d5a
My Bloody Valentine,Loveless,Album,1991,Shoegaze,Rock,4,9.0,"It's so strange! Love some of the songs, but it's a bit too much effort to listen to. Might need a few more listens",Wishlist,8e85452c55eb7c84
Bob Dylan,Blood On The Tracks,Album,1975,Singer/Songwriter,Folk,9,10.0,,,e93156c0f1c6b4ca
Elliott Smith,Either / Or,Album,1997,Singer/Songwriter,Folk,4,8.0,Really good singer/songwriter/folk. Sad and melancholic. Reminds me of Sufjan,,aca00f786101ef75
Elliott Smith,XO,Album,1998,Singer/Songwriter,Folk,3,7.5,,,d687ea80269486e4
Father John Misty,God's Favorite Customer,Album,2018,Singer/Songwriter,Folk,2,6.5,,,8f9908d57d598a35
Jeff Buckley,Grace,Album,1994,Singer/Songwriter,Folk,8,8.0,Enjoyed this way more than I figured I would. Halelujah is amazing,Wishlist,b586c4e3193432a9
Joni Mitchell,Blue,Album,1971,Singer/Songwriter,Folk,6,10.0,,,13ed2d9fb16668a9
Joni Mitchell,Hejira,Album,1976,Singer/Songwriter,Folk,2,7.5,,,2bc1a65cd06d855d
Joni Mitchell,Don Juan's Reckless Daughter,Album,1977,Singer/Songwriter,Folk,2,8.5,,,160d293a1db7ee58
Leonard Cohen,Songs of Love and Hate,Album,1971,Singer/Songwriter,Folk,1,7.0,"Bit darker than the other one, but more repetitive and not as engaging to me",,b825f46d8fc0a6e6
Mount Eerie,After,Live Album,2018,Singer/Songwriter,Folk,1,9.0,"So warm and echo-ey, you can hear the church it was recorded in. Sounds like your actually there",,98f8dd73499e61f7
Mount Eerie,Now Only,Album,2018,Singer/Songwriter,Folk,1,8.0,,,9400af6fcf1e14b2
Neil Young,Neil Young,Album,1969,Singer/Songwriter,Folk,1,7.0,"Not bad by any means, but mediocre compared to the classics that followed. Songwriting is good, I just don't love the instrumentation. Sounds like a bad buffalo sprinfield album",,ac688826811ad7f2
Neil Young,Live at Massey Hall 1971,Live Album,2007,Singer/Songwriter,Folk,1,9.5,"Lovely live concert, intimate acoustic neil at his best",,98061f284950aa72
Nick Cave and The Bad Seeds,The Good Son,Album,1990,Singer/Songwriter,Folk,3,8.5,,,c58b47b487874351
Nick Cave and The Bad Seeds,The Boatman's Call,Album,1997,Singer/Songwriter,Folk,6,8.0,,,355dd9a3afacbf55
Nick Cave and The Bad Seeds,No More Shall We Part,Album,2001,Singer/Songwriter,Folk,1,7.0,,,9cfaee1af391256c
Nick Drake,Five Leaves Left,Album,1969,Singer/Songwriter,Folk,4,9.0,Love the double bass and strings on this one,,e871a42e8482c77c
Nick Drake,Bryter Layter,Album,1970,Singer/Songwriter,Folk,1,8.0,,,e4a76bde7fa254f4
Paul Simon,Paul Simon,Album,1972,Singer/Songwriter,Folk,1,8.5,"Right up there with graceland, Me and Julio is especially dank",,9cde761fef48e63e
Tom Waits,Closing Time,Album,1973,Singer/Songwriter,Folk,10,8.5,Ok this is a bobsickle,,1d68c0c8ce5e804a
Tom Waits,The Heart of Saturday Night,Album,1974,Singer/Songwriter,Folk,2,7.0,"Not that stand-out to me, not close to Closing Time",,18074833edc90ffa
Tom Waits,Small Change,Album,1976,Singer/Songwriter,Folk,2,7.5,Somewhere inbetween closing time and THOSN,,a7404b2abd49d1bd
Tom Waits,Foreign Affairs,Album,1977,Singer/Songwriter,Folk,1,6.5,"Just, not that good. Kinda cheesy, doesn't have as many stand outs apart from maybe Burma Shave",,36b368c987773b64
Tom Waits,Blue Valentine,Album,1978,Singer/Songwriter,Folk,1,7.5,"More Jazzy Tom goodness, loving side A",,23a4f533420b4cea
Tom Waits,Swordfishtrombones,Album,1983,Singer/Songwriter,Folk,10,9.0,"Love the spoken word, and just the flow of the album",,d61e7ca7aa2800ac
Tom Waits,Rain Dogs,Album,1985,Singer/Songwriter,Folk,10,9.5,All time fucking classic,,ed17577a07a2f25a
Tom Waits,"Orphans: Brawlers, Bawlers & Bastards",Album,2006,Singer/Songwriter,Folk,1,8.0,"Lots of good stuff, obviously over-long but that's kind of intentional",,471015c381d5cefc
Van Morrison,Astral Weeks,Album,1968,Singer/Songwriter,Folk,3,9.0,,,e44bf6cc85d7c8bc
Van Morrison,Moondance,Album,1970,Singer/Songwriter,Folk,7,10.0,,,248e4ea2b9189dc7
Van Morrison,Saint Dominic's Preview,Album,1972,Singer/Songwriter,Folk,1,7.5,"It's good, but doesn't get me like Moondance tbh",,15a0f8c744ad54de
Van Morrison,Veedon Fleece,Album,1974,Singer/Songwriter,Folk,2,7.5,,,1d4991e05229c684
Leonard Cohen,Songs from a Room,Album,1969,Singer/Songwriter,Folk,0,,,,e928a49f4722e6e9
Neil Young,Live Rust,Album,1979,Singer/Songwriter,Folk,0,,,,91111b36cd4201a5
Tim Buckley,Happy Sad,Album,1969,Singer/Songwriter,Folk,0,,,,e4d2b649bca6ebfa
Tom Waits,Heartattack And Vine,Album,1980,Singer/Songwriter,Folk,0,,,,2cd59f26245e1d83
Jeff Rosenstock,SKA DREAM,Album,2021,Ska Punk,Punk,1,7.5,"Really fun for what it is, makes me want to listen to more Jeff Rosenstock",,e4397014862dac6b
Melvins,Houdini,Album,1993,Sludge Metal,Metal,1,8.0,Metallica Black Sabbath conjoined,,63f86d45445917f6
"Bruno Mars, Anderson .Paak & Silk Sonic",An Evening With Silk Sonic,Album,2021,Smooth Soul,Soul / R&B,1,7.5,,,4efd006944720b69
Sade,Love Deluxe,Album,1992,Smooth Soul,Soul / R&B,2,7.0,Really like this. Sexy af,,df6919005477247e
Marvin Gaye,Here My Dear,Album,1978,Smooth Soul,Soul / R&B,0,,,,d1d60905b1d41a0d
Seals and Crofts,Greatest Hits,Compilation,1975,Soft Rock,Rock,1,5.0,"Fair few good tracks, but also a few that fall really short for me. Not a bad listen though.",,e0e362be8e66dabd
Hot Chocolate,Cicero Park,Album,1974,Soul,Soul / R&B,1,6.0,,,4307431b3e67de52
Marvin Gaye,What's Going On,Album,1971,Soul,Soul / R&B,4,9.0,Love the vocals and instrumentation,Wishlist,e254583c1576d59c
Marvin Gaye,Let's Get It On,Album,1973,Soul,Soul / R&B,2,7.5,"Great soul record. Not as strong in my opinion as ""What's going on"", but still a set of great soul grooves",,52a6892852629ca1
Stevie Wonder,Talking Book,Album,1972,Soul,Soul / R&B,1,7.5,Doesn't hit me like Innervisions and the long ass one,,25ff87e998369dcb
Stevie Wonder,Innervisions,Album,1973,Soul,Soul / R&B,3,9.5,"Pretty good, really funky soul.",,b514e253f8a059e0
Stevie Wonder,Songs in the Key of Life,Album,1976,Soul,Soul / R&B,4,9.0,"Love the jazzy Sir Duke, some really fun, funky soul too. Ok now I get it",,f0bb463298bb4373
Troy Kingi,Shake That Skinny Ass All the Way to Zygertron,Album,2017,Soul,Soul / R&B,1,6.0,"A bunch of pretty chill tracks, kinda starts to drag out though, maybe not enough variety for my tastes. Not bad tho",,723e6bce72f6e6b4
Big K.R.I.T.,4eva Is A Mighty Long Time,Album,2017,Southern Hip Hop,Hip Hop,8,8.5,"A bit too long, but lots of really good stuff in here. Love the two sides thing though, reminds me of Speakerboxxx/TLB",Wishlist,c6205d17dbfbb78c
Denzel Curry,TA13OO,Album,2018,Southern Hip Hop,Hip Hop,11,8.5,"Woah this is good. Heaps of heat, and Black Balloons is great",,a6b13a625336dc05
Lil Wayne,Tha Carter II,Album,2005,Southern Hip Hop,Hip Hop,1,7.0,This is really fire. Switch your brain off and enjoy the bars,,1a61f75c9890c32e
Lil Wayne,Dedication 2,Mixtape,2006,Southern Hip Hop,Hip Hop,1,7.0,,,a8a208560cf38da6
Lil Wayne,Da Drought 3,Mixtape,2007,Southern Hip Hop,Hip Hop,1,7.0,,,1b5297470961bef0
Lil Wayne,Tha Carter V,Album,2018,Southern Hip Hop,Hip Hop,1,7.0,"This is surprisingly good. Far too long, but entertaining throughout",,7c27de65c30b4a30
Outkast,ATLiens,Album,1996,Southern Hip Hop,Hip Hop,3,9.0,,,d2469283f8b48231
Outkast,Aquemini,Album,1998,Southern Hip Hop,Hip Hop,3,9.0,"Really good, Mamacita is shitty tho so can't be a 10",,d0d164a6c21e47e7
Outkast,Stankonia,Album,2000,Southern Hip Hop,Hip Hop,1,7.0,"Pretty good, few weak songs, and the skits really take away from the album as a whole",,d5a8fcaa5ae96f44
Outkast,Speakerboxxx/The Love Below,Album,2003,Southern Hip Hop,Hip Hop,2,7.0,,,5f2b929faaeb13f7
The Allman Brothers Band,The Allman Brothers Band,Album,1969,Southern Rock,Rock,1,7.0,,,f40f21c90b0a2318
The Allman Brothers Band,Idlewild South,Album,1970,Southern Rock,Rock,1,6.5,,,40f1c0b5ab823249
John Coltrane,A Love Supreme,Album,1965,Spiritual Jazz,Jazz,10,10.0,,,98645fac4969fef6
Kamasi Washington,Heaven and Earth,Album,2018,Spiritual Jazz,Jazz,0,,,,b1574092b68f4aa8
Beastwars,Beastwars,Album,2011,Stoner Metal,Metal,1,5.0,"Not bad, but the vocals are annoying. Nothing stands out heaps as to me",,4dd231e7035ba799
Electric Wizard,Come My Fanatics,Album,1997,Stoner Metal,Metal,2,7.0,"Really good, not sold on Ivixor B/Phase Inducer though",,33e572a2751046de
Electric Wizard,Dopethrone,Album,2000,Stoner Metal,Metal,5,8.5,"Really great overall, kinda a long listen since it is so heavy",,4ce2628bc9b61717
Electric Wizard,Wizard Bloody Wizard,Album,2017,Stoner Metal,Metal,1,5.0,,,e7f65ac1ae9986ca
King Gizzard & The Lizard Wizard,Infest The Rats' Nest,Album,2019,Stoner Metal,Metal,1,9.0,,,afd3400d6189b5b0
Sleep,Sleep's Holy Mountain,Album,1992,Stoner Metal,Metal,2,8.0,"Really good, edges out Dopesmoker to me",,00b7ba5100e14c0c
Sleep,Dopesmoker,Album,2003,Stoner Metal,Metal,2,7.0,"Really solid album, maybe a touch repetitive, but that is kinda the point. Really cool. Listen again",Wishlist,58c37572af25144f
Sleep,The Sciences,Album,2018,Stoner Metal,Metal,2,8.5,Really good! Need a few more listens.,,ccc0a56f5442bbb7
Kyuss,Blues for the Red Sun,Album,1992,Stoner Rock,Rock,3,8.0,,,3438a3a7a3158752
Kyuss,Kyuss [Welcome to Sky Valley],Album,1994,Stoner Rock,Rock,4,9.0,"A lot of influence from Black Sabbath, but faster and harder and more modern. So good",Wishlist,e0a1012ba5a73d5b
Queens of the Stone Age,Queens of the Stone Age,Album,1998,Stoner Rock,Rock,2,7.0,"Can see the potential, there are a few great songs. But I don't really think it holds up to thier best works, later in thier discog",,201d21132e041761
Queens of the Stone Age,Rated R,Album,2000,Stoner Rock,Rock,2,8.5,"Not as cool as songs for the deaf, because it's lacking a cool concept, but still really good album with great songs",,5a008feba88072d5
Queens of the Stone Age,Songs for the Deaf,Album,2002,Stoner Rock,Rock,11,9.5,"One of my personal favourites, only weak song is Six Shooter, but the rest make up for it",Wishlist,d7634770312f8d70
Witch,Witch,Album,2006,Stoner Rock,Rock,1,7.0,"Really good overall, very much like Black Sabbath but modern. Like it a lot",,ec1b4f51937b103e
Truckfighters,Fuzzsplit of the Century,Album,2003,Stoner Rock,Rock,0,,,,b145857ecd47f6ad
Witch,Paralyzed,Album,2008,Stoner Rock,Rock,1,4.0,"Not a fan for the most part, doesn't really sound stoner rock anymore for the most part. Too much distortion at parts, and too dissonant",,4f72ea146a86d111
Creedence Clearwater Revival,Cosmo's Factory,Album,1970,Swamp Rock,Country,4,9.0,,,b44295972db1e128
Electric Light Orchestra,A New World Record,Album,1976,Symphonic Rock,Rock,7,9.0,"Really great. Shorter songs, and shorter album than Out of the Blue. Very Beatlesy",,2386b4a613e13d19
Electric Light Orchestra,Out of the Blue,Album,1977,Symphonic Rock,Rock,1,6.0,"Definately a bit long for me. Also kinda overproduced. Few great tracks though, and it's really cool in a way too. Some cool almost proggy stuff towards the end too",,6286a7d0cd4a507f
Behaviour,Pet Shop Boys,Album,1990,Synthpop,Pop,1,7.0,"First track is great, but doesn't grab me like Violator or New Order",,7b10a655fd12aa04
Suicide,Suicide,Album,1977,Synth Punk,Punk,1,5.0,"As important as this album is, it isn't really very good. Opener and teardrop are nice though",,8d354bddcf5d9c41
Depeche Mode,Violator,Album,1990,Synthpop,Pop,1,8.5,Dis good tho,,f1a9fc748c15b7c0
Gary Numan,The Pleasure Principle,Album,1979,Synthpop,Pop,1,7.0,"Not bad, love cars of course. Very industrial",,789872cc6ed60daa
Kero Kero Bonito,Time 'n' Place,Album,2018,Synthpop,Pop,2,6.5,,,a8fa03a959774838
Kraftwek,Die Mensch-Maschine,Album,1978,Synthpop,Pop,1,7.5,,,dcd97bf97ba2b7eb
Lorde,Melodrama,Album,2017,Synthpop,Pop,2,7.0,,,b3091d73a7c22e6a
MGMT,Little Dark Age,Album,2018,Synthpop,Pop,6,7.0,"Really enjoy this, just the right amount of pop and experiment.",,cd50f29245a2f6c7
New Order,"Power, Corruption & Lies",Album,1983,Synthpop,Pop,4,9.0,,,925188585c1ca86f
New Order,Low-life,Album,1985,Synthpop,Pop,3,7.5,,,0d1ae207387e4915
Tears for Fears,Songs From the Big Chair,Album,1985,Synthpop,Pop,1,8.5,,,32ae432df8180f35
Ad Nauseam,Imperative Imperceptible Impulse,Album,2021,Technical Death Metal,Metal,1,7.0,,,002c19e4fdcc0426
Death,Human,Album,1991,Technical Death Metal,Metal,2,8.5,,,924223370270626b
Death,Individual Thought Patterns,Album,1993,Technical Death Metal,Metal,1,8.0,,,39d9bfc6cdfef66e
Death,Symbolic,Album,1995,Technical Death Metal,Metal,4,9.0,,,100693b117250340
Portal,ION,Album,2018,Technical Death Metal,Metal,0,,,,bb2b5c559e5564d5
Angelo Badalamenti,Sountrack From Twin Peaks,Soundtrack,1990,Television Music,Soundtrack,4,8.0,,,281ebc1250fa9272
Seatbelts,Cowboy Bebop,Soundtrack,1998,Television Music,Soundtrack,1,7.0,"Tank! is the best song of all time. Apart from that, some really cool Jazz, and atmoshericy stuff",,844c4dc93591da2a
"Floating Points, Pharoah Sanders & London Symphony Orchestra",Promises,Album,2021,Third Stream,Jazz,1,7.0,"Some weird chill jazz shit, pretty nice listen, but it doesn't move me that much",,b8c0876e72ee684b
Megadeth,Rust In Peace,Album,1990,Thrash Metal,Metal,3,8.0,What holds this back from being truely great is the vocals,,c99a4fef87e07d51
Metallica,Kill Em' All,Album,1983,Thrash Metal,Metal,4,8.0,,,5942fb05ad692350
Metallica,Ride The Lightning,Album,1984,Thrash Metal,Metal,9,10.0,"Absolutely incredible album, Fade To Black is sooo good",,12eec94c846f7bd8
Metallica,Master Of Puppets,Album,1986,Thrash Metal,Metal,9,9.5,,,9ff9fd392688c850
Metallica,...And Justice For All,Album,1988,Thrash Metal,Metal,1,8.5,,,ae0736ca8e32fb88
Slayer,Reign in Blood,Album,1986,Thrash Metal,Metal,5,8.5,"Reign in Blood is the best thrash song, but prefer metallica albums as a whole product",,e9004cec1b69ea3e
Travis Scott,Rodeo,Album,2015,Trap,Hip Hop,1,8.0,"Lotta good tracks on here, few fall kinda short imo though",,7759b166ab5623d3
cupcaKKe,Euphorize,Album,2018,Trap Rap,Hip Hop,1,5.0,,,6c42eeef1a56857f
Denzel Curry,Imperial,Album,2016,Trap Rap,Hip Hop,1,6.5,,,f148ea11a6b8a221
Denzel Curry,ZUU,Album,2019,Trap Rap,Hip Hop,1,6.5,,,c52d4407a2e5d778
Dummy,Portishead,Album,1994,Trip Hop,Electronic,1,8.5,,,0ea824f53424b167
Gorillaz,Gorillaz,Album,2001,Trip Hop,Electronic,1,7.0,"Definately see the potential, but it's not quite fully realised yet",Wishlist,40849cd4d03990e2
Massive Attack,Blue Lines,Album,1991,Trip Hop,Electronic,1,7.0,,,3963807eac1b941e
Massive Attack,Mezzanine,Album,1998,Trip Hop,Electronic,3,8.0,"Really dark, really good overall. Definately like it",Wishlist,c5c777eb1ca098ef
Little Simz,GREY Area,Album,2019,UK Hip Hop,Hip Hop,4,8.0,,,4ac75a9f7241ab1c
slowthai,Nothing Great About Britain,Album,2019,UK Hip Hop,Hip Hop,1,7.5,,,ececf8a07b480cc9
The Streets,Original Pirate Material,Album,2002,UK Hip Hop,Hip Hop,2,8.0,"Woah this is actually really solid, like it a lot",,248f760c5a397890
Brockhampton,GINGER,Album,2019,West Coast Hip Hop,Hip Hop,1,6.0,,,100a2c742e0889f2
Brockhampton,"Roadrunner: New Light, New Machine",Album,2021,West Coast Hip Hop,Hip Hop,2,7.5,"Liked it alot, probably the best of theirs for awhile (since Saturation)",,d40d93a2eb0ddca5
Kendrick Lamar,Section.80,Album,2011,West Coast Hip Hop,Hip Hop,2,7.5,"Not as well produced as GKMC, not as much of a concept",Wishlist,b0733defc7fe59ef
Kendrick Lamar,"good kid, m.A.A.d city",Album,2012,West Coast Hip Hop,Hip Hop,8,9.5,,Owned,449cd78e978308f0
Kendrick Lamar,DAMN,Album,2017,West Coast Hip Hop,Hip Hop,6,7.0,"Few really weak tracks, few really good tracks. Not KDot's best work",,7597fbae2fe073e0
"Tyler, The Creator",Call Me If You Get Lost,Album,2021,West Coast Hip Hop,Hip Hop,1,8.5,Like it as much as IGOR,,b85eeab9d2f753b3
Vince Staples,Summertime '06,Album,2015,West Coast Hip Hop,Hip Hop,1,6.0,"Pretty good, some really good tracks, but it kinda drags out and sounds too samey. Coulda cut a few tracks for a tighter project",,f404ced309fece19
Flume,Hi This Is Flume,Album,2019,Wonky,Hip Hop,2,7.0,"Pretty damn enjoyable, love the SOPHIE infulence, and confluence of various electronic music styles",,71971649365ec5d3
Brian Eno,Another Green World,Album,,,Unknown,0,,,,358e556aca391dc0
Burial,Untrue,Album,,,Unknown,0,,,,82bf01558275727b
Faith No More,Angel Dust,Album,,,Unknown,0,,,,8fe83d9929c8e821
Mercury Rev,Deserter's Songs,,,,Unknown,0,,,,f167c12b9a1f03e8
Modest Mouse,The Moon and Antarctica,Album,,,Unknown,0,,,,a7e675ec490eb563
Monster Magnet,Dopes to Infinity,,,,Unknown,0,,,,5061c88ec26b59d2
Richard and Linda Thompson,Shoot Out the Lights,Album,1982,Folk Rock,Folk,1,8.5,"Liked it a lot, might rise with more listens. Claude recommended it. It's a lot like Neil Young, quite country rock, enjoyed the male and female voices. Underrated guitarist, I want to learn so much of this",,92ea9584e984ee47
Wipers,Youth of America,Album,1981,Post-Punk,Punk,1,8.0,"Really strong at points, good length. Need more listens to absorb",,70077cc211dbfe28
Unwound,Leaves Turn Inside You,Album,2001,Indie Rock,Rock,1,8.5,"Really creative and different, need some more listens to really understand this one",,b4b2ec53d7a19792
